cellid;age(days);sex(female=1);total mol;cluster name;standard_names;strain
1772099315_F07;22;1;10814;Glut_Cck_Maf;Glut1;C57bl6
1772123028_E07;25;0;6950;Glut_Cck_Maf;Glut1;vGlut2-eGFP
1772099315_A01;22;1;7595;Glut_Cck_Maf;Glut1;C57bl6
1772099093_B11;20;0;17736;Glut_Cck_Maf;Glut1;C57bl6
1772117057_C10;27;0;5181;Glut_Cck_Maf;Glut1;C57bl6
1772122168_B04;26;0;4614;Glut_Cck_Maf;Glut1;vGlut2-eGFP
1772099302_B07;27;0;8244;Glut_Cck_Maf;Glut1;C57bl6
1772099302_D11;27;0;16600;Glut_Cck_Maf;Glut1;C57bl6
1772099114_H10;20;0;6594;Glut_Cck_Maf;Glut1;C57bl6
1772122148_H04;23;0;11598;Glut_Cck_Maf;Glut1;vGlut2-eGFP
1772123028_F07;25;0;5752;Glut_Cck_Maf;Glut1;vGlut2-eGFP
1772099154_F09;18;0;3846;Glut_Cck_Maf;Glut1;C57bl6
1772117097_B02;26;0;12875;Glut_Cck_Maf;Glut1;C57bl6
1772122143_F02;24;0;5695;Glut_Cck_Maf;Glut1;vGlut2-eGFP
1772122148_B01;23;0;7620;Glut_Cck_Maf;Glut1;vGlut2-eGFP
1772099304_D07;27;0;12408;Glut_Cck_Maf;Glut1;C57bl6
1772123029_B04;25;0;7889;Glut_Cck_Maf;Glut1;vGlut2-eGFP
1772099114_E12;20;0;10347;Glut_Cck_Maf;Glut1;C57bl6
1772123027_D08;25;0;3878;Glut_Cck_Maf;Glut1;vGlut2-eGFP
1772123027_F08;25;0;5430;Glut_Cck_Maf;Glut1;vGlut2-eGFP
1772099113_G01;20;0;7690;Glut_Cck_Maf;Glut1;C57bl6
1772123027_D07;25;0;4889;Glut_Cck_Maf;Glut1;vGlut2-eGFP
1772123028_B01;25;0;3370;Glut_Cck_Maf;Glut1;vGlut2-eGFP
1772099116_C01;20;0;3198;Glut_Cck_Maf;Glut1;C57bl6
1772099112_B04;19;0;9072;Glut_Cck_Maf;Glut1;C57bl6
1772122168_C10;26;0;4607;Glut_Cck_Maf;Glut1;vGlut2-eGFP
1772123029_E07;25;0;6201;Glut_Cck_Maf;Glut1;vGlut2-eGFP
1772117055_F12;28;0;8930;Glut_Cck_Maf;Glut1;C57bl6
1772099108_B11;18;0;4575;Glut_Cck_Maf;Glut1;C57bl6
1772117055_G05;28;0;3418;Glut_Cck_Maf;Glut1;C57bl6
1772123028_A01;25;0;3691;Glut_Cck_Maf;Glut1;vGlut2-eGFP
1772123028_C01;25;0;3032;Glut_Cck_Maf;Glut1;vGlut2-eGFP
1772099110_B09;19;0;14978;Glut_Cck_Cpne4;Glut2;C57bl6
1772099091_A05;20;0;17355;Glut_Cck_Cpne4;Glut2;C57bl6
1772099115_B07;20;0;19923;Glut_Cck_Cpne4;Glut2;C57bl6
1772099298_D09;26;0;22144;Glut_Cck_Cpne4;Glut2;C57bl6
1772099115_C04;20;0;13554;Glut_Cck_Cpne4;Glut2;C57bl6
1772117100_E10;21;0;27481;Glut_Cck_Cpne4;Glut2;C57bl6
1772099118_D09;21;0;9124;Glut_Cck_Cpne4;Glut2;C57bl6
1772117057_H01;27;0;9089;Glut_Cck_Cpne4;Glut2;C57bl6
1772117102_F09;21;0;9428;Glut_Cck_Cpne4;Glut2;C57bl6
1772117108_B08;22;0;5313;Glut_Cck_Cpne4;Glut2;C57bl6
1772099304_D04;27;0;3584;Glut_Cck_Cpne4;Glut2;C57bl6
1772123028_G09;25;0;5945;Glut_Cck_Cpne4;Glut2;vGlut2-eGFP
1772117124_D04;27;0;9878;Glut_Cck_Cpne4;Glut2;C57bl6
1772099106_G03;18;0;5629;Glut_Cck_Cpne4;Glut2;C57bl6
1772122148_A09;23;0;11642;Glut_Cck_Cpne4;Glut2;vGlut2-eGFP
1772123028_F11;25;0;4925;Glut_Cck_Cpne4;Glut2;vGlut2-eGFP
1772099108_H07;18;0;9841;Glut_Cck_Cpne4;Glut2;C57bl6
1772117097_A10;26;0;6872;Glut_Cck_Cpne4;Glut2;C57bl6
1772123028_E02;25;0;5852;Glut_Cck_Cpne4;Glut2;vGlut2-eGFP
1772123027_H02;25;0;7776;Glut_Cck_Cpne4;Glut2;vGlut2-eGFP
1772117102_D04;21;0;7484;Glut_Cck_Cpne4;Glut2;C57bl6
1772122140_A01;25;0;8661;Glut_Cck_Cpne4;Glut2;vGlut2-eGFP
1772099152_H11;18;0;6991;Glut_Cck_Cpne4;Glut2;C57bl6
1772123028_F02;25;0;5300;Glut_Cck_Cpne4;Glut2;vGlut2-eGFP
1772099152_E12;18;0;3318;Glut_Cck_Cpne4;Glut2;C57bl6
1772122148_E02;23;0;9714;Glut_Cck_Cpne4;Glut2;vGlut2-eGFP
1772123029_F09;25;0;6802;Glut_Cck_Cpne4;Glut2;vGlut2-eGFP
1772122143_E03;24;0;3530;Glut_Cck_Cpne4;Glut2;vGlut2-eGFP
1772117100_D04;21;0;8653;Glut_Cck_Cpne4;Glut2;C57bl6
1772122168_A07;26;0;10401;Glut_Cck_Cpne4;Glut2;vGlut2-eGFP
1772099302_G05;27;0;5359;Glut_Cck_Cpne4;Glut2;C57bl6
1772123028_H07;25;0;5626;Glut_Cck_Cpne4;Glut2;vGlut2-eGFP
1772123029_B10;25;0;9036;Glut_Cck_Cpne4;Glut2;vGlut2-eGFP
1772117161_A09;20;0;8686;Glut_Cck_Cpne4;Glut2;C57bl6
1772099109_H11;19;0;7487;Glut_Cck_Trh;Glut3;C57bl6
1772099315_F12;22;1;7249;Glut_Cck_Trh;Glut3;C57bl6
1772117101_D12;21;0;10741;Glut_Cck_Trh;Glut3;C57bl6
1772117100_E05;21;0;15599;Glut_Cck_Trh;Glut3;C57bl6
1772117137_F09;20;0;11946;Glut_Cck_Trh;Glut3;C57bl6
1772117055_H12;28;0;14981;Glut_Cck_Trh;Glut3;C57bl6
1772117102_G11;21;0;16125;Glut_Cck_Trh;Glut3;C57bl6
1772117096_B11;26;0;9236;Glut_Cck_Trh;Glut3;C57bl6
1772099303_D08;27;0;5524;Glut_Cck_Trh;Glut3;C57bl6
1772099313_H01;22;1;7722;Glut_Cck_Trh;Glut3;C57bl6
1772117123_G02;26;0;6086;Glut_Cck_Trh;Glut3;C57bl6
1772117057_F09;27;0;6553;Glut_Cck_Trh;Glut3;C57bl6
1772099105_F06;18;0;9148;Glut_Cck_Trh;Glut3;C57bl6
1772117100_E03;21;0;6383;Glut_Cck_Trh;Glut3;C57bl6
1772122140_F01;25;0;12421;Glut_Cck_Trh;Glut3;vGlut2-eGFP
1772117124_E06;27;0;13155;Glut_Cck_Trh;Glut3;C57bl6
1772123028_C07;25;0;4967;Glut_Cck_Trh;Glut3;vGlut2-eGFP
1772122148_G08;23;0;12819;Glut_Cck_Trh;Glut3;vGlut2-eGFP
1772123029_H12;25;0;8524;Glut_Cck_Trh;Glut3;vGlut2-eGFP
1772117102_F04;21;0;14333;Glut_Cck_Trh;Glut3;C57bl6
1772117057_B04;27;0;5026;Glut_Cck_Trh;Glut3;C57bl6
1772117160_C04;20;0;6408;Glut_Cck_Trh;Glut3;C57bl6
1772123028_F09;25;0;6754;Glut_Cck_Trh;Glut3;vGlut2-eGFP
1772099120_F11;21;0;5654;Glut_Cck_Trh;Glut3;C57bl6
1772072240_E01;24;0;7717;Glut_Cck_Trh;Glut3;C57bl6
1772117124_G06;27;0;13565;Glut_Cck_Trh;Glut3;C57bl6
1772123029_H07;25;0;8164;Glut_Cck_Trh;Glut3;vGlut2-eGFP
1772117103_F01;22;0;4692;Glut_Cck_Trh;Glut3;C57bl6
1772123029_E12;25;0;3688;Glut_Cck_Trh;Glut3;vGlut2-eGFP
1772123027_B09;25;0;6623;Glut_Cck_Trh;Glut3;vGlut2-eGFP
1772123028_C08;25;0;4725;Glut_Cck_Trh;Glut3;vGlut2-eGFP
1772123027_A11;25;0;6922;Glut_Cck_Trh;Glut3;vGlut2-eGFP
1772123027_E01;25;0;6183;Glut_Cck_Trh;Glut3;vGlut2-eGFP
1772123028_B06;25;0;4524;Glut_Cck_Trh;Glut3;vGlut2-eGFP
1772099110_F01;19;0;22383;Glut_Nts;Glut4;C57bl6
1772099302_H06;27;0;16510;Glut_Nts;Glut4;C57bl6
1772117159_A09;20;0;11767;Glut_Nts;Glut4;C57bl6
1772122148_F05;23;0;8779;Glut_Nts;Glut4;vGlut2-eGFP
1772099110_D03;19;0;6740;Glut_Nts;Glut4;C57bl6
1772117137_H09;20;0;7314;Glut_Nts;Glut4;C57bl6
1772117154_E10;19;0;10555;Glut_Nts;Glut4;C57bl6
1772099118_E03;21;0;3549;Glut_Nts;Glut4;C57bl6
1772099304_E12;27;0;5798;Glut_Nts;Glut4;C57bl6
1772122148_D04;23;0;8702;Glut_Nts;Glut4;vGlut2-eGFP
1772117158_B03;19;0;7743;Glut_Nts;Glut4;C57bl6
1772117099_B12;21;0;6485;Glut_Nts;Glut4;C57bl6
1772122140_E03;25;0;6822;Glut_Nts;Glut4;vGlut2-eGFP
1772123029_C09;25;0;7775;Glut_Nts;Glut4;vGlut2-eGFP
1772072243_C06;19;0;8352;Glut_Nts;Glut4;C57bl6
1772123027_G02;25;0;9244;Glut_Nts;Glut4;vGlut2-eGFP
1772117108_C11;22;0;5779;Glut_Nts;Glut4;C57bl6
1772117055_E04;28;0;9672;Glut_Nts;Glut4;C57bl6
1772117111_B06;26;0;6398;Glut_Nts;Glut4;C57bl6
1772122140_A11;25;0;10022;Glut_Nts;Glut4;vGlut2-eGFP
1772117160_F06;20;0;3367;Glut_Nts;Glut4;C57bl6
1772099301_G09;26;0;8370;Glut_Nts;Glut4;C57bl6
1772122140_C01;25;0;4423;Glut_Nts;Glut4;vGlut2-eGFP
1772122143_H02;24;0;5763;Glut_Nts;Glut4;vGlut2-eGFP
1772117096_G03;26;0;8054;Glut_Nts;Glut4;C57bl6
1772099106_E06;18;0;6212;Glut_Nts;Glut4;C57bl6
1772122143_A06;24;0;3675;Glut_Nts;Glut4;vGlut2-eGFP
1772122140_C08;25;0;8334;Glut_Nts;Glut4;vGlut2-eGFP
1772123027_C03;25;0;5871;Glut_Nts;Glut4;vGlut2-eGFP
1772123028_C05;25;0;4141;Glut_Nts;Glut4;vGlut2-eGFP
1772123027_D06;25;0;3426;Glut_Nts;Glut4;vGlut2-eGFP
1772123028_G08;25;0;4566;Glut_Nts;Glut4;vGlut2-eGFP
1772117057_H05;27;0;4571;Glut_Nts;Glut4;C57bl6
1772099014_H08;20;0;3102;Glut_Nts;Glut4;C57bl6
1772122143_H03;24;0;7989;Glut_Tac2_3;Glut5;vGlut2-eGFP
1772099155_C02;18;0;8961;Glut_Tac2_3;Glut5;C57bl6
1772117057_F07;27;0;10237;Glut_Tac2_3;Glut5;C57bl6
1772117156_E01;19;0;3912;Glut_Tac2_3;Glut5;C57bl6
1772122143_F03;24;0;4514;Glut_Tac2_3;Glut5;vGlut2-eGFP
1772123029_E09;25;0;10242;Glut_Tac2_3;Glut5;vGlut2-eGFP
1772123027_E05;25;0;7759;Glut_Tac2_3;Glut5;vGlut2-eGFP
1772123029_E01;25;0;8639;Glut_Tac2_3;Glut5;vGlut2-eGFP
1772123029_B09;25;0;8675;Glut_Tac2_3;Glut5;vGlut2-eGFP
1772123027_D05;25;0;6427;Glut_Tac2_3;Glut5;vGlut2-eGFP
1772117160_F10;20;0;4954;Glut_Tac2_3;Glut5;C57bl6
1772122143_E08;24;0;3351;Glut_Tac2_3;Glut5;vGlut2-eGFP
1772123028_B05;25;0;3990;Glut_Tac2_3;Glut5;vGlut2-eGFP
1772123027_F09;25;0;5550;Glut_Tac2_3;Glut5;vGlut2-eGFP
1772123029_B01;25;0;3143;Glut_Tac2_3;Glut5;vGlut2-eGFP
1772099109_B08;19;0;3903;Glut_Tac2_3;Glut5;C57bl6
1772117055_C07;28;0;8285;Glut_Tac2_3;Glut5;C57bl6
1772099298_F04;26;0;8588;Glut_Tac2_3;Glut5;C57bl6
1772122148_F08;23;0;11947;Glut_Tac2_3;Glut5;vGlut2-eGFP
1772099155_A01;18;0;7056;Glut_Tac2_3;Glut5;C57bl6
1772122143_G02;24;0;9729;Glut_Tac2_3;Glut5;vGlut2-eGFP
1772122140_C06;25;0;7354;Glut_Tac2_3;Glut5;vGlut2-eGFP
1772122148_C11;23;0;7364;Glut_Tac2_3;Glut5;vGlut2-eGFP
1772122148_G11;23;0;9711;Glut_Tac2_3;Glut5;vGlut2-eGFP
1772072243_F05;19;0;13487;Glut_Tac2_2;Glut6;C57bl6
1772123029_C08;25;0;8219;Glut_Tac2_2;Glut6;vGlut2-eGFP
1772117055_H07;28;0;5844;Glut_Tac2_2;Glut6;C57bl6
1772117154_C06;19;0;18226;Glut_Tac2_2;Glut6;C57bl6
1772122140_A05;25;0;9426;Glut_Tac2_2;Glut6;vGlut2-eGFP
1772117151_B02;19;0;15587;Glut_Tac2_2;Glut6;C57bl6
1772099093_D10;20;0;19615;Glut_Tac2_2;Glut6;C57bl6
1772123027_D02;25;0;7988;Glut_Tac2_2;Glut6;vGlut2-eGFP
1772122148_A10;23;0;9079;Glut_Tac2_2;Glut6;vGlut2-eGFP
1772122140_G02;25;0;12549;Glut_Tac2_2;Glut6;vGlut2-eGFP
1772122148_B02;23;0;9448;Glut_Tac2_2;Glut6;vGlut2-eGFP
1772099303_G09;27;0;6524;Glut_Tac2_2;Glut6;C57bl6
1772122148_D05;23;0;8302;Glut_Tac2_2;Glut6;vGlut2-eGFP
1772123028_E04;25;0;6830;Glut_Tac2_2;Glut6;vGlut2-eGFP
1772122140_D05;25;0;7832;Glut_Tac2_2;Glut6;vGlut2-eGFP
1772123029_F03;25;0;7863;Glut_Tac2_2;Glut6;vGlut2-eGFP
1772123027_H06;25;0;7873;Glut_Tac2_2;Glut6;vGlut2-eGFP
1772122143_H09;24;0;6399;Glut_Tac2_2;Glut6;vGlut2-eGFP
1772122148_F10;23;0;8123;Glut_Tac2_2;Glut6;vGlut2-eGFP
1772122140_C07;25;0;10925;Glut_Tac2_2;Glut6;vGlut2-eGFP
1772122140_G06;25;0;6128;Glut_Tac2_2;Glut6;vGlut2-eGFP
1772122148_G04;23;0;8680;Glut_Tac2_2;Glut6;vGlut2-eGFP
1772123029_F07;25;0;7363;Glut_Tac2_2;Glut6;vGlut2-eGFP
1772122148_H11;23;0;10626;Glut_Tac2_2;Glut6;vGlut2-eGFP
1772122140_E01;25;0;8073;Glut_Tac2_2;Glut6;vGlut2-eGFP
1772122168_E04;26;0;9004;Glut_Tac2_2;Glut6;vGlut2-eGFP
1772122140_B04;25;0;7653;Glut_Tac2_2;Glut6;vGlut2-eGFP
1772099113_F11;20;0;13945;Glut_Tac2_2;Glut6;C57bl6
1772122140_D10;25;0;7948;Glut_Tac2_2;Glut6;vGlut2-eGFP
1772122140_H07;25;0;9195;Glut_Tac2_2;Glut6;vGlut2-eGFP
1772122148_B05;23;0;9019;Glut_Tac2_2;Glut6;vGlut2-eGFP
1772123027_F11;25;0;5671;Glut_Tac2_2;Glut6;vGlut2-eGFP
1772099316_B05;22;1;5303;Glut_Tac2_2;Glut6;C57bl6
1772123027_G08;25;0;7677;Glut_Tac2_2;Glut6;vGlut2-eGFP
1772099313_C12;22;1;4819;Glut_Tac2_2;Glut6;C57bl6
1772099305_E01;27;0;13560;Glut_Tac2_2;Glut6;C57bl6
1772122140_D06;25;0;7743;Glut_Tac2_2;Glut6;vGlut2-eGFP
1772122148_A08;23;0;8879;Glut_Tac2_2;Glut6;vGlut2-eGFP
1772122148_B04;23;0;10770;Glut_Tac2_2;Glut6;vGlut2-eGFP
1772122148_C05;23;0;7084;Glut_Tac2_2;Glut6;vGlut2-eGFP
1772123028_D10;25;0;7108;Glut_Tac2_2;Glut6;vGlut2-eGFP
1772123027_F12;25;0;5319;Glut_Tac2_2;Glut6;vGlut2-eGFP
1772122140_H08;25;0;8649;Glut_Tac2_2;Glut6;vGlut2-eGFP
1772117124_C10;27;0;9551;Glut_Tac2_2;Glut6;C57bl6
1772123027_D12;25;0;6130;Glut_Tac2_2;Glut6;vGlut2-eGFP
1772122140_D12;25;0;7431;Glut_Tac2_2;Glut6;vGlut2-eGFP
1772123029_C05;25;0;6639;Glut_Tac2_2;Glut6;vGlut2-eGFP
1772122168_C02;26;0;8264;Glut_Tac2_2;Glut6;vGlut2-eGFP
1772122148_C03;23;0;7751;Glut_Tac2_2;Glut6;vGlut2-eGFP
1772099313_F12;22;1;10590;Glut_Tac2_2;Glut6;C57bl6
1772122140_D01;25;0;5622;Glut_Tac2_2;Glut6;vGlut2-eGFP
1772123029_C10;25;0;4681;Glut_Tac2_2;Glut6;vGlut2-eGFP
1772123029_D01;25;0;7258;Glut_Tac2_2;Glut6;vGlut2-eGFP
1772122140_F11;25;0;9373;Glut_Tac2_2;Glut6;vGlut2-eGFP
1772122140_C10;25;0;8271;Glut_Tac2_2;Glut6;vGlut2-eGFP
1772122140_B03;25;0;6196;Glut_Tac2_2;Glut6;vGlut2-eGFP
1772117159_G11;20;0;5317;Glut_Tac2_2;Glut6;C57bl6
1772117107_H12;22;0;4166;Glut_Tac2_2;Glut6;C57bl6
1772099015_A01;20;0;4351;Glut_Tac2_2;Glut6;C57bl6
1772099152_E09;18;0;7539;Glut_Tac2_2;Glut6;C57bl6
1772122140_F12;25;0;3779;Glut_Tac2_2;Glut6;vGlut2-eGFP
1772123027_C08;25;0;5828;Glut_Tac2_2;Glut6;vGlut2-eGFP
1772099015_D12;20;0;3263;Glut_Tac2_2;Glut6;C57bl6
1772117055_H06;28;0;3539;Glut_Tac2_2;Glut6;C57bl6
1772099152_F03;18;0;3123;Glut_Tac2_2;Glut6;C57bl6
1772122140_G01;25;0;9177;Glut_Tac2_2;Glut6;vGlut2-eGFP
1772123027_C12;25;0;6229;Glut_Tac2_2;Glut6;vGlut2-eGFP
1772123027_F10;25;0;4416;Glut_Tac2_2;Glut6;vGlut2-eGFP
1772123029_A09;25;0;9498;Glut_Tac2_2;Glut6;vGlut2-eGFP
1772122143_H01;24;0;7034;Glut_Tac2_2;Glut6;vGlut2-eGFP
1772122148_B12;23;0;8604;Glut_Tac2_2;Glut6;vGlut2-eGFP
1772123027_E08;25;0;7069;Glut_Tac2_2;Glut6;vGlut2-eGFP
1772123029_A04;25;0;6010;Glut_Tac2_2;Glut6;vGlut2-eGFP
1772123027_C04;25;0;6829;Glut_Tac2_2;Glut6;vGlut2-eGFP
1772122140_A03;25;0;8115;Glut_Tac2_2;Glut6;vGlut2-eGFP
1772122148_A12;23;0;9301;Glut_Tac2_1;Glut7;vGlut2-eGFP
1772123027_F06;25;0;10554;Glut_Tac2_1;Glut7;vGlut2-eGFP
1772122148_A11;23;0;10066;Glut_Tac2_1;Glut7;vGlut2-eGFP
1772122148_A03;23;0;11444;Glut_Tac2_1;Glut7;vGlut2-eGFP
1772122140_A07;25;0;7411;Glut_Tac2_1;Glut7;vGlut2-eGFP
1772122148_E08;23;0;8340;Glut_Tac2_1;Glut7;vGlut2-eGFP
1772123029_H09;25;0;8547;Glut_Tac2_1;Glut7;vGlut2-eGFP
1772122140_B05;25;0;11535;Glut_Tac2_1;Glut7;vGlut2-eGFP
1772123027_A09;25;0;7394;Glut_Tac2_1;Glut7;vGlut2-eGFP
1772123027_H12;25;0;7978;Glut_Tac2_1;Glut7;vGlut2-eGFP
1772122140_F08;25;0;7453;Glut_Tac2_1;Glut7;vGlut2-eGFP
1772123027_F04;25;0;8173;Glut_Tac2_1;Glut7;vGlut2-eGFP
1772122140_D04;25;0;8713;Glut_Tac2_1;Glut7;vGlut2-eGFP
1772122140_A04;25;0;8851;Glut_Tac2_1;Glut7;vGlut2-eGFP
1772123029_E06;25;0;8929;Glut_Tac2_1;Glut7;vGlut2-eGFP
1772122140_E12;25;0;6586;Glut_Tac2_1;Glut7;vGlut2-eGFP
1772122148_C12;23;0;6040;Glut_Tac2_1;Glut7;vGlut2-eGFP
1772123028_E12;25;0;6157;Glut_Tac2_1;Glut7;vGlut2-eGFP
1772122140_C11;25;0;5699;Glut_Tac2_1;Glut7;vGlut2-eGFP
1772123029_B06;25;0;8331;Glut_Tac2_1;Glut7;vGlut2-eGFP
1772123028_E10;25;0;4783;Glut_Tac2_1;Glut7;vGlut2-eGFP
1772122140_F04;25;0;6215;Glut_Tac2_1;Glut7;vGlut2-eGFP
1772123027_D04;25;0;6755;Glut_Tac2_1;Glut7;vGlut2-eGFP
1772123029_C02;25;0;8575;Glut_Tac2_1;Glut7;vGlut2-eGFP
1772122140_A02;25;0;7920;Glut_Tac2_1;Glut7;vGlut2-eGFP
1772122148_C08;23;0;7021;Glut_Tac2_1;Glut7;vGlut2-eGFP
1772123028_G06;25;0;5946;Glut_Tac2_1;Glut7;vGlut2-eGFP
1772123029_G11;25;0;5861;Glut_Tac2_1;Glut7;vGlut2-eGFP
1772122140_A09;25;0;6981;Glut_Tac2_1;Glut7;vGlut2-eGFP
1772122140_G04;25;0;6441;Glut_Tac2_1;Glut7;vGlut2-eGFP
1772123029_A01;25;0;8201;Glut_Tac2_1;Glut7;vGlut2-eGFP
1772123027_A12;25;0;6064;Glut_Tac2_1;Glut7;vGlut2-eGFP
1772123027_C10;25;0;5716;Glut_Tac2_1;Glut7;vGlut2-eGFP
1772123029_C12;25;0;6229;Glut_Tac2_1;Glut7;vGlut2-eGFP
1772123027_G01;25;0;7536;Glut_Tac2_1;Glut7;vGlut2-eGFP
1772123027_D01;25;0;7349;Glut_Tac2_1;Glut7;vGlut2-eGFP
1772123029_A06;25;0;5511;Glut_Tac2_1;Glut7;vGlut2-eGFP
1772123029_A07;25;0;4102;Glut_Tac2_1;Glut7;vGlut2-eGFP
1772123027_D11;25;0;8505;Glut_Tac2_1;Glut7;vGlut2-eGFP
1772123027_A03;25;0;4779;Glut_Tac2_1;Glut7;vGlut2-eGFP
1772122143_G03;24;0;5136;Glut_Tac2_1;Glut7;vGlut2-eGFP
1772123028_D02;25;0;5031;Glut_Tac2_1;Glut7;vGlut2-eGFP
1772117055_A12;28;0;6532;Glut_Tac2_1;Glut7;C57bl6
1772123029_B07;25;0;4620;Glut_Tac2_1;Glut7;vGlut2-eGFP
1772123027_B02;25;0;4669;Glut_Tac2_1;Glut7;vGlut2-eGFP
1772122140_E02;25;0;9791;Glut_Tac2_1;Glut7;vGlut2-eGFP
1772099305_F10;27;0;4858;Glut_Tac2_1;Glut7;C57bl6
1772122148_F04;23;0;8323;Glut_Tac2_1;Glut7;vGlut2-eGFP
1772099155_A10;18;0;5722;Glut_Tac2_1;Glut7;C57bl6
1772099313_A10;22;1;5533;Glut_Tac2_1;Glut7;C57bl6
1772099316_D06;22;1;5917;Glut_Tac2_1;Glut7;C57bl6
1772123029_G08;25;0;7751;Glut_Tac2_1;Glut7;vGlut2-eGFP
1772122140_A10;25;0;6173;Glut_Tac2_1;Glut7;vGlut2-eGFP
1772099110_A05;19;0;3252;Glut_Tac2_1;Glut7;C57bl6
1772099155_E03;18;0;5133;Glut_Tac2_1;Glut7;C57bl6
1772099313_F08;22;1;3352;Glut_Tac2_1;Glut7;C57bl6
1772099090_D01;20;0;4310;Glut_Tac2_1;Glut7;C57bl6
1772123027_B06;25;0;6661;Glut_Tac2_1;Glut7;vGlut2-eGFP
1772123027_H11;25;0;6221;Glut_Tac2_1;Glut7;vGlut2-eGFP
1772123028_G07;25;0;5516;Glut_Tac2_1;Glut7;vGlut2-eGFP
1772117158_H09;19;0;20041;Glut_Tac2_1;Glut7;C57bl6
1772123028_F01;25;0;5735;Glut_Tac2_1;Glut7;vGlut2-eGFP
1772123029_C11;25;0;3508;Glut_Tac2_1;Glut7;vGlut2-eGFP
1772123029_B05;25;0;7198;Glut_Tac2_1;Glut7;vGlut2-eGFP
1772123029_D09;25;0;8214;Glut_Tac2_1;Glut7;vGlut2-eGFP
1772123027_E10;25;0;3794;Glut_Tac2_1;Glut7;vGlut2-eGFP
1772123027_H01;25;0;8218;Glut_Tac2_1;Glut7;vGlut2-eGFP
1772123028_F03;25;0;4465;Glut_Tac2_1;Glut7;vGlut2-eGFP
1772122140_G03;25;0;7807;Glut_Tac2_1;Glut7;vGlut2-eGFP
1772123027_C05;25;0;5818;Glut_Tac2_1;Glut7;vGlut2-eGFP
1772122143_H08;24;0;3730;Glut_Tac2_1;Glut7;vGlut2-eGFP
1772117096_G07;26;0;4205;Glut_Tac2_1;Glut7;C57bl6
1772123029_A03;25;0;3284;Glut_Tac2_1;Glut7;vGlut2-eGFP
1772123029_C01;25;0;5326;Glut_Tac2_1;Glut7;vGlut2-eGFP
1772122168_G03;26;0;5097;Glut_Tac2_1;Glut7;vGlut2-eGFP
1772117124_G10;27;0;9547;Glut_Tac2_1;Glut7;C57bl6
1772099115_E06;20;0;7307;Glut_Tac2_1;Glut7;C57bl6
1772123028_A11;25;0;3280;Glut_Tac2_1;Glut7;vGlut2-eGFP
1772123027_C11;25;0;3163;Glut_Tac2_1;Glut7;vGlut2-eGFP
1772122140_F05;25;0;4299;Glut_Tac2_1;Glut7;vGlut2-eGFP
1772122148_C02;23;0;10982;Glut_Tac2_1;Glut7;vGlut2-eGFP
1772117123_H01;26;0;3825;Glut_Tac2_1;Glut7;C57bl6
1772099115_C07;20;0;3821;Glut_Tac2_1;Glut7;C57bl6
1772123029_E04;25;0;5647;Glut_Tac2_1;Glut7;vGlut2-eGFP
1772117154_C12;19;0;13476;Glut_Tac2_1;Glut7;C57bl6
1772123028_C03;25;0;3068;Glut_Tac2_1;Glut7;vGlut2-eGFP
1772123029_A05;25;0;5103;Glut_Tac2_1;Glut7;vGlut2-eGFP
1772123029_G03;25;0;7344;Glut_Tac2_1;Glut7;vGlut2-eGFP
1772099113_C10;20;0;9649;Glut_Tac2_1;Glut7;C57bl6
1772123029_F05;25;0;3517;Glut_Tac2_1;Glut7;vGlut2-eGFP
1772123027_C09;25;0;9060;Glut_Tac2_1;Glut7;vGlut2-eGFP
1772122140_G07;25;0;8443;Glut_Tac2_1;Glut7;vGlut2-eGFP
1772122148_G12;23;0;9062;Glut_Tac2_1;Glut7;vGlut2-eGFP
1772099014_F07;20;0;3406;Glut_Tac2_1;Glut7;C57bl6
1772117059_E06;27;0;10061;Glut_Tac2_1;Glut7;C57bl6
1772123028_A09;25;0;3374;Glut_Tac2_1;Glut7;vGlut2-eGFP
1772099305_G05;27;0;13289;Glut_Tac2_1;Glut7;C57bl6
1772117055_G10;28;0;6889;Glut_Tac2_1;Glut7;C57bl6
1772123029_E11;25;0;5496;Glut_Tac2_1;Glut7;vGlut2-eGFP
1772123028_F12;25;0;3637;Glut_Tac2_1;Glut7;vGlut2-eGFP
1772123027_B05;25;0;4698;Glut_Tac2_1;Glut7;vGlut2-eGFP
1772123028_F05;25;0;3618;Glut_Tac2_1;Glut7;vGlut2-eGFP
1772123027_H10;25;0;6401;Glut_Tac2_1;Glut7;vGlut2-eGFP
1772123027_C06;25;0;5242;Glut_Tac2_1;Glut7;vGlut2-eGFP
1772099117_B11;21;0;5395;Glut_Reln_Nmur2;Glut8;C57bl6
1772099154_C06;18;0;6991;Glut_Reln_Nmur2;Glut8;C57bl6
1772099315_G10;22;1;4286;Glut_Reln_Nmur2;Glut8;C57bl6
1772099315_G09;22;1;5609;Glut_Reln_Nmur2;Glut8;C57bl6
1772123028_H11;25;0;7509;Glut_Reln_Nmur2;Glut8;vGlut2-eGFP
1772099302_E04;27;0;5448;Glut_Reln_Nmur2;Glut8;C57bl6
1772099315_A02;22;1;4274;Glut_Reln_Nmur2;Glut8;C57bl6
1772117101_B09;21;0;23061;Glut_Reln_Nmur2;Glut8;C57bl6
1772123028_G11;25;0;6554;Glut_Reln_Nmur2;Glut8;vGlut2-eGFP
1772099113_B04;20;0;4315;Glut_Reln_Nmur2;Glut8;C57bl6
1772123028_D06;25;0;5731;Glut_Reln_Nmur2;Glut8;vGlut2-eGFP
1772123027_G10;25;0;7340;Glut_Reln_Nmur2;Glut8;vGlut2-eGFP
1772117100_E12;21;0;5711;Glut_Reln_Nmur2;Glut8;C57bl6
1772123029_G07;25;0;6905;Glut_Reln_Nmur2;Glut8;vGlut2-eGFP
1772123029_D04;25;0;5773;Glut_Reln_Nmur2;Glut8;vGlut2-eGFP
1772123029_G06;25;0;8186;Glut_Reln_Nmur2;Glut8;vGlut2-eGFP
1772123029_D06;25;0;7776;Glut_Reln_Nmur2;Glut8;vGlut2-eGFP
1772123027_G05;25;0;7257;Glut_Reln_Nmur2;Glut8;vGlut2-eGFP
1772123028_H02;25;0;4915;Glut_Reln_Nmur2;Glut8;vGlut2-eGFP
1772122148_E04;23;0;6064;Glut_Reln_Nmur2;Glut8;vGlut2-eGFP
1772117151_B12;19;0;5725;Glut_Reln_Nmur2;Glut8;C57bl6
1772123029_H10;25;0;10251;Glut_Reln_Nmur2;Glut8;vGlut2-eGFP
1772122140_G05;25;0;3267;Glut_Reln_Nmur2;Glut8;vGlut2-eGFP
1772122168_G11;26;0;5023;Glut_Reln_Nmur2;Glut8;vGlut2-eGFP
1772123029_H06;25;0;6958;Glut_Reln_Nmur2;Glut8;vGlut2-eGFP
1772122140_E11;25;0;4036;Glut_Reln_Nmur2;Glut8;vGlut2-eGFP
1772123029_G12;25;0;6977;Glut_Reln_Nmur2;Glut8;vGlut2-eGFP
1772123028_F06;25;0;4249;Glut_Reln_Nmur2;Glut8;vGlut2-eGFP
1772122140_D09;25;0;7474;Glut_Reln_Nmur2;Glut8;vGlut2-eGFP
1772123027_E04;25;0;8702;Glut_Reln_Nmur2;Glut8;vGlut2-eGFP
1772122140_A08;25;0;9446;Glut_Reln_Nmur2;Glut8;vGlut2-eGFP
1772122140_D07;25;0;5840;Glut_Reln_Nmur2;Glut8;vGlut2-eGFP
1772099301_G07;26;0;4623;Glut_Reln_Nmur2;Glut8;C57bl6
1772123027_F03;25;0;5550;Glut_Reln_Nmur2;Glut8;vGlut2-eGFP
1772123029_D02;25;0;5533;Glut_Reln_Nmur2;Glut8;vGlut2-eGFP
1772123028_D12;25;0;4474;Glut_Reln_Nmur2;Glut8;vGlut2-eGFP
1772123027_H03;25;0;8428;Glut_Reln_Nmur2;Glut8;vGlut2-eGFP
1772123027_G06;25;0;6197;Glut_Reln_Nmur2;Glut8;vGlut2-eGFP
1772122148_G06;23;0;13766;Glut_Reln_Nmur2;Glut8;vGlut2-eGFP
1772117124_A04;27;0;8864;Glut_Reln_Nmur2;Glut8;C57bl6
1772123028_H03;25;0;4178;Glut_Reln_Nmur2;Glut8;vGlut2-eGFP
1772099105_C11;18;0;9072;Glut_Reln_Nmur2;Glut8;C57bl6
1772099153_H11;18;0;4663;Glut_Reln_Nmur2;Glut8;C57bl6
1772099155_H12;18;0;4911;Glut_Reln_Nmur2;Glut8;C57bl6
1772099152_F02;18;0;4631;Glut_Reln_Nmur2;Glut8;C57bl6
1772099316_E05;22;1;7148;Glut_Reln_Nmur2;Glut8;C57bl6
1772122140_H09;25;0;7687;Glut_Reln_Nmur2;Glut8;vGlut2-eGFP
1772117154_B10;19;0;10017;Glut_Reln_Nmur2;Glut8;C57bl6
1772099298_H03;26;0;5654;Glut_Reln_Nmur2;Glut8;C57bl6
1772123028_B02;25;0;4652;Glut_Reln_Nmur2;Glut8;vGlut2-eGFP
1772117124_G05;27;0;8724;Glut_Reln_Nmur2;Glut8;C57bl6
1772122148_F07;23;0;11738;Glut_Reln_Nmur2;Glut8;vGlut2-eGFP
1772099155_B03;18;0;13946;Glut_Reln_Nmur2;Glut8;C57bl6
1772123027_B11;25;0;4927;Glut_Reln_Nmur2;Glut8;vGlut2-eGFP
1772123029_B03;25;0;7578;Glut_Reln_Nmur2;Glut8;vGlut2-eGFP
1772099313_B01;22;1;4858;Glut_Reln_Nmur2;Glut8;C57bl6
1772117108_H07;22;0;15703;Glut_Reln_Nmur2;Glut8;C57bl6
1772099316_C05;22;1;4597;Glut_Reln_Nmur2;Glut8;C57bl6
1772123029_B12;25;0;4362;Glut_Reln_Nmur2;Glut8;vGlut2-eGFP
1772117096_B05;26;0;7926;Glut_Reln_Nmur2;Glut8;C57bl6
1772117154_B12;19;0;7491;Glut_Reln_Nmur2;Glut8;C57bl6
1772099304_A08;27;0;9295;Glut_Reln_Nmur2;Glut8;C57bl6
1772099113_G10;20;0;7455;Glut_Reln_Nmur2;Glut8;C57bl6
1772117123_D02;26;0;5552;Glut_Reln_Nmur2;Glut8;C57bl6
1772123028_A03;25;0;3937;Glut_Reln_Nmur2;Glut8;vGlut2-eGFP
1772117097_E02;26;0;6196;Glut_Reln_Nmur2;Glut8;C57bl6
1772117096_G01;26;0;11493;Glut_Reln_Nmur2;Glut8;C57bl6
1772117111_D12;26;0;3187;Glut_Reln_Nmur2;Glut8;C57bl6
1772117055_F03;28;0;7051;Glut_Reln_Nmur2;Glut8;C57bl6
1772099117_B12;21;0;3530;Glut_Reln_Nmur2;Glut8;C57bl6
1772122140_B06;25;0;5728;Glut_Reln_Nmur2;Glut8;vGlut2-eGFP
1772123028_H06;25;0;4113;Glut_Reln_Nmur2;Glut8;vGlut2-eGFP
1772099313_E10;22;1;8090;Glut_Reln_Nmur2;Glut8;C57bl6
1772123028_A04;25;0;5035;Glut_Reln_Nmur2;Glut8;vGlut2-eGFP
1772122143_D08;24;0;3125;Glut_Reln_Nmur2;Glut8;vGlut2-eGFP
1772122148_A02;23;0;7237;Glut_Reln_Nmur2;Glut8;vGlut2-eGFP
1772122168_E10;26;0;6030;Glut_Reln_Nmur2;Glut8;vGlut2-eGFP
1772117102_F11;21;0;26888;Glut_Reln_Npff;Glut9;C57bl6
1772099110_G10;19;0;12605;Glut_Reln_Npff;Glut9;C57bl6
1772099154_B11;18;0;13142;Glut_Reln_Npff;Glut9;C57bl6
1772117154_D10;19;0;10409;Glut_Reln_Npff;Glut9;C57bl6
1772123029_F01;25;0;9543;Glut_Reln_Npff;Glut9;vGlut2-eGFP
1772123029_H03;25;0;7653;Glut_Reln_Npff;Glut9;vGlut2-eGFP
1772117151_A06;19;0;17033;Glut_Reln_Npff;Glut9;C57bl6
1772099116_E11;20;0;5952;Glut_Reln_Npff;Glut9;C57bl6
1772122140_B11;25;0;12132;Glut_Reln_Npff;Glut9;vGlut2-eGFP
1772123029_H02;25;0;9479;Glut_Reln_Npff;Glut9;vGlut2-eGFP
1772123027_D10;25;0;6108;Glut_Reln_Npff;Glut9;vGlut2-eGFP
1772123028_D08;25;0;4057;Glut_Reln_Npff;Glut9;vGlut2-eGFP
1772123027_E06;25;0;8918;Glut_Reln_Npff;Glut9;vGlut2-eGFP
1772123028_C10;25;0;4289;Glut_Reln_Npff;Glut9;vGlut2-eGFP
1772099090_C12;20;0;7238;Glut_Reln_Npff;Glut9;C57bl6
1772122148_E07;23;0;11729;Glut_Reln_Npff;Glut9;vGlut2-eGFP
1772123028_D07;25;0;5075;Glut_Reln_Npff;Glut9;vGlut2-eGFP
1772123027_B12;25;0;4919;Glut_Reln_Npff;Glut9;vGlut2-eGFP
1772123027_G11;25;0;7714;Glut_Reln_Npff;Glut9;vGlut2-eGFP
1772099110_B05;19;0;3599;Glut_Reln_Npff;Glut9;C57bl6
1772117158_B01;19;0;6286;Glut_Reln_Npff;Glut9;C57bl6
1772123027_A06;25;0;5344;Glut_Reln_Npff;Glut9;vGlut2-eGFP
1772123029_A10;25;0;7000;Glut_Reln_Npff;Glut9;vGlut2-eGFP
1772123028_B04;25;0;3654;Glut_Reln_Npff;Glut9;vGlut2-eGFP
1772123027_A02;25;0;7352;Glut_Reln_Npff;Glut9;vGlut2-eGFP
1772099113_B01;20;0;5952;Glut_Reln_Npff;Glut9;C57bl6
1772123028_A08;25;0;3422;Glut_Reln_Npff;Glut9;vGlut2-eGFP
1772122168_E03;26;0;8046;Glut_Reln_Npff;Glut9;vGlut2-eGFP
1772123029_H11;25;0;10916;Glut_Reln_Npff;Glut9;vGlut2-eGFP
1772123028_E06;25;0;5486;Glut_Reln_Npff;Glut9;vGlut2-eGFP
1772123027_C02;25;0;6051;Glut_Reln_Npff;Glut9;vGlut2-eGFP
1772123027_H05;25;0;5413;Glut_Reln_Npff;Glut9;vGlut2-eGFP
1772099115_A06;20;0;4092;Glut_Reln_Npff;Glut9;C57bl6
1772123029_E05;25;0;6469;Glut_Reln_Npff;Glut9;vGlut2-eGFP
1772117055_H04;28;0;12956;Glut_Tac1_2;Glut10;C57bl6
1772117160_F09;20;0;11448;Glut_Tac1_2;Glut10;C57bl6
1772117151_E04;19;0;6387;Glut_Tac1_2;Glut10;C57bl6
1772099092_A06;20;0;15631;Glut_Tac1_2;Glut10;C57bl6
1772099114_G11;20;0;6173;Glut_Tac1_2;Glut10;C57bl6
1772099316_D01;22;1;6082;Glut_Tac1_2;Glut10;C57bl6
1772099090_H06;20;0;8483;Glut_Tac1_2;Glut10;C57bl6
1772099155_G12;18;0;7027;Glut_Tac1_2;Glut10;C57bl6
1772099113_D07;20;0;5846;Glut_Tac1_2;Glut10;C57bl6
1772099316_A03;22;1;5564;Glut_Tac1_2;Glut10;C57bl6
1772099115_A10;20;0;6054;Glut_Tac1_2;Glut10;C57bl6
1772117154_F12;19;0;8662;Glut_Tac1_2;Glut10;C57bl6
1772099316_C04;22;1;10544;Glut_Tac1_2;Glut10;C57bl6
1772099113_F07;20;0;11128;Glut_Tac1_2;Glut10;C57bl6
1772117124_D05;27;0;9685;Glut_Tac1_2;Glut10;C57bl6
1772099113_C04;20;0;15306;Glut_Tac1_2;Glut10;C57bl6
1772099090_B11;20;0;21560;Glut_Tac1_2;Glut10;C57bl6
1772099112_H12;19;0;5409;Glut_Tac1_2;Glut10;C57bl6
1772099302_B12;27;0;7265;Glut_Tac1_2;Glut10;C57bl6
1772117111_C03;26;0;5148;Glut_Tac1_2;Glut10;C57bl6
1772099116_F02;20;0;5804;Glut_Tac1_2;Glut10;C57bl6
1772099093_A03;20;0;12398;Glut_Tac1_2;Glut10;C57bl6
1772099110_A04;19;0;6414;Glut_Tac1_2;Glut10;C57bl6
1772099114_D01;20;0;5428;Glut_Tac1_2;Glut10;C57bl6
1772099303_G05;27;0;3324;Glut_Tac1_2;Glut10;C57bl6
1772122168_G05;26;0;15019;Glut_Tac1_2;Glut10;vGlut2-eGFP
1772099112_C07;19;0;6216;Glut_Tac1_2;Glut10;C57bl6
1772117151_G05;19;0;10807;Glut_Tac1_2;Glut10;C57bl6
1772099112_G03;19;0;13572;Glut_Tac1_2;Glut10;C57bl6
1772099110_D05;19;0;15382;Glut_Tac1_2;Glut10;C57bl6
1772099313_A07;22;1;14393;Glut_Tac1_2;Glut10;C57bl6
1772099040_G04;28;0;5175;Glut_Tac1_2;Glut10;C57bl6
1772123028_H05;25;0;4583;Glut_Tac1_2;Glut10;vGlut2-eGFP
1772117123_F11;26;0;3902;Glut_Tac1_2;Glut10;C57bl6
1772099154_B03;18;0;10394;Glut_Tac1_2;Glut10;C57bl6
1772117096_E12;26;0;7570;Glut_Tac1_2;Glut10;C57bl6
1772117151_F11;19;0;16765;Glut_Tac1_2;Glut10;C57bl6
1772123029_E03;25;0;8373;Glut_Tac1_2;Glut10;vGlut2-eGFP
1772099112_A08;19;0;5682;Glut_Tac1_2;Glut10;C57bl6
1772122148_E12;23;0;4471;Glut_Tac1_2;Glut10;vGlut2-eGFP
1772123027_A01;25;0;6814;Glut_Tac1_2;Glut10;vGlut2-eGFP
1772099119_F06;21;0;15280;Glut_Tac1_2;Glut10;C57bl6
1772099120_H08;21;0;16454;Glut_Tac1_2;Glut10;C57bl6
1772099116_F10;20;0;3553;Glut_Tac1_2;Glut10;C57bl6
1772099014_D09;20;0;3601;Glut_Tac1_2;Glut10;C57bl6
1772117123_C04;26;0;11528;Glut_Tac1_2;Glut10;C57bl6
1772099115_E08;20;0;5811;Glut_Tac1_2;Glut10;C57bl6
1772099014_D05;20;0;4719;Glut_Tac1_2;Glut10;C57bl6
1772117123_E12;26;0;3227;Glut_Tac1_2;Glut10;C57bl6
1772099112_C01;19;0;4036;Glut_Tac1_2;Glut10;C57bl6
1772099105_D08;18;0;12654;Glut_Tac1_2;Glut10;C57bl6
1772117124_E05;27;0;8216;Glut_Tac1_2;Glut10;C57bl6
1772117160_C10;20;0;10571;Glut_Tac1_2;Glut10;C57bl6
1772099041_B04;27;0;3435;Glut_Tac1_2;Glut10;C57bl6
1772099152_H01;18;0;3968;Glut_Tac1_2;Glut10;C57bl6
1772122140_A12;25;0;4210;Glut_Tac1_2;Glut10;vGlut2-eGFP
1772117158_A06;19;0;17020;Glut_Tac1_2;Glut10;C57bl6
1772099014_C04;20;0;3617;Glut_Tac1_2;Glut10;C57bl6
1772099014_D10;20;0;4152;Glut_Tac1_2;Glut10;C57bl6
1772099301_D10;26;0;4917;Glut_Tac1_2;Glut10;C57bl6
1772123027_A04;25;0;4496;Glut_Tac1_2;Glut10;vGlut2-eGFP
1772099112_D10;19;0;4729;Glut_Tac1_2;Glut10;C57bl6
1772117159_B12;20;0;9804;Glut_Tac1_2;Glut10;C57bl6
1772122140_B12;25;0;8118;Glut_Tac1_2;Glut10;vGlut2-eGFP
1772123027_G04;25;0;7371;Glut_Tac1_2;Glut10;vGlut2-eGFP
1772123027_B10;25;0;6672;Glut_Tac1_2;Glut10;vGlut2-eGFP
1772123029_G04;25;0;5237;Glut_Tac1_2;Glut10;vGlut2-eGFP
1772122140_E04;25;0;7123;Glut_Tac1_2;Glut10;vGlut2-eGFP
1772123029_C07;25;0;10019;Glut_Tac1_2;Glut10;vGlut2-eGFP
1772123027_E12;25;0;6951;Glut_Tac1_2;Glut10;vGlut2-eGFP
1772122143_G01;24;0;6900;Glut_Tac1_2;Glut10;vGlut2-eGFP
1772117055_D11;28;0;16763;Glut_Tac1_2;Glut10;C57bl6
1772123029_A02;25;0;8839;Glut_Tac1_2;Glut10;vGlut2-eGFP
1772123029_C04;25;0;6155;Glut_Tac1_2;Glut10;vGlut2-eGFP
1772122140_E10;25;0;7030;Glut_Tac1_2;Glut10;vGlut2-eGFP
1772099316_A05;22;1;13313;Glut_Tac1_2;Glut10;C57bl6
1772117057_A10;27;0;4763;Glut_Tac1_2;Glut10;C57bl6
1772123027_C07;25;0;9403;Glut_Tac1_2;Glut10;vGlut2-eGFP
1772122148_F11;23;0;8706;Glut_Tac1_2;Glut10;vGlut2-eGFP
1772117108_H03;22;0;10295;Glut_Tac1_2;Glut10;C57bl6
1772099043_B11;28;0;7515;Glut_Tac1_2;Glut10;C57bl6
1772122148_H01;23;0;13477;Glut_Tac1_2;Glut10;vGlut2-eGFP
1772122148_E01;23;0;8764;Glut_Tac1_2;Glut10;vGlut2-eGFP
1772123029_D11;25;0;7497;Glut_Tac1_2;Glut10;vGlut2-eGFP
1772099302_G06;27;0;8127;Glut_Tac1_2;Glut10;C57bl6
1772117102_D05;21;0;18296;Glut_Tac1_2;Glut10;C57bl6
1772117161_H07;20;0;8687;Glut_Tac1_2;Glut10;C57bl6
1772123027_B07;25;0;8425;Glut_Tac1_2;Glut10;vGlut2-eGFP
1772123029_F06;25;0;11587;Glut_Tac1_2;Glut10;vGlut2-eGFP
1772099114_H12;20;0;5823;Glut_Tac1_2;Glut10;C57bl6
1772117059_E10;27;0;12233;Glut_Tac1_2;Glut10;C57bl6
1772122140_H03;25;0;8309;Glut_Tac1_2;Glut10;vGlut2-eGFP
1772122143_G07;24;0;5380;Glut_Tac1_2;Glut10;vGlut2-eGFP
1772123027_B03;25;0;5671;Glut_Tac1_2;Glut10;vGlut2-eGFP
1772123028_C11;25;0;4706;Glut_Tac1_2;Glut10;vGlut2-eGFP
1772099315_G07;22;1;12712;Glut_Tac1_2;Glut10;C57bl6
1772117156_F06;19;0;7455;Glut_Tac1_2;Glut10;C57bl6
1772072243_H07;19;0;6658;Glut_Tac1_2;Glut10;C57bl6
1772123028_E01;25;0;4653;Glut_Tac1_2;Glut10;vGlut2-eGFP
1772123029_E08;25;0;6138;Glut_Tac1_2;Glut10;vGlut2-eGFP
1772123029_D10;25;0;6027;Glut_Tac1_2;Glut10;vGlut2-eGFP
1772123029_G01;25;0;7808;Glut_Tac1_2;Glut10;vGlut2-eGFP
1772099316_D02;22;1;10326;Glut_Tac1_2;Glut10;C57bl6
1772099303_E01;27;0;9169;Glut_Tac1_2;Glut10;C57bl6
1772123027_E11;25;0;6056;Glut_Tac1_2;Glut10;vGlut2-eGFP
1772123027_F02;25;0;7604;Glut_Tac1_2;Glut10;vGlut2-eGFP
1772123027_A07;25;0;6956;Glut_Tac1_2;Glut10;vGlut2-eGFP
1772099298_H09;26;0;16814;Glut_Tac1_2;Glut10;C57bl6
1772122140_E09;25;0;6752;Glut_Tac1_2;Glut10;vGlut2-eGFP
1772072243_A08;19;0;16766;Glut_Tac1_2;Glut10;C57bl6
1772099301_B04;26;0;3743;Glut_Tac1_2;Glut10;C57bl6
1772099315_F01;22;1;6286;Glut_Tac1_2;Glut10;C57bl6
1772099153_H03;18;0;5913;Glut_Tac1_2;Glut10;C57bl6
1772122143_G09;24;0;5698;Glut_Tac1_2;Glut10;vGlut2-eGFP
1772099304_G07;27;0;7729;Glut_Tac1_2;Glut10;C57bl6
1772099120_G09;21;0;9987;Glut_Tac1_2;Glut10;C57bl6
1772117097_B03;26;0;4319;Glut_Tac1_2;Glut10;C57bl6
1772099154_F02;18;0;11772;Glut_Tac1_2;Glut10;C57bl6
1772117099_B08;21;0;3977;Glut_Tac1_2;Glut10;C57bl6
1772117055_A08;28;0;10976;Glut_Tac1_2;Glut10;C57bl6
1772122140_E05;25;0;5887;Glut_Tac1_2;Glut10;vGlut2-eGFP
1772122140_E07;25;0;8310;Glut_Tac1_2;Glut10;vGlut2-eGFP
1772099302_F12;27;0;7365;Glut_Tac1_2;Glut10;C57bl6
1772123027_E07;25;0;7605;Glut_Tac1_2;Glut10;vGlut2-eGFP
1772099305_E02;27;0;6016;Glut_Tac1_2;Glut10;C57bl6
1772123029_E10;25;0;5572;Glut_Tac1_2;Glut10;vGlut2-eGFP
1772099313_B11;22;1;5888;Glut_Tac1_2;Glut10;C57bl6
1772117108_A02;22;0;8656;Glut_Tac1_2;Glut10;C57bl6
1772099305_A04;27;0;5354;Glut_Tac1_2;Glut10;C57bl6
1772117100_F06;21;0;16942;Glut_Tac1_1;Glut11;C57bl6
1772099092_F10;20;0;10047;Glut_Tac1_1;Glut11;C57bl6
1772117099_H03;21;0;11362;Glut_Tac1_1;Glut11;C57bl6
1772117159_A06;20;0;12753;Glut_Tac1_1;Glut11;C57bl6
1772099115_G11;20;0;7555;Glut_Tac1_1;Glut11;C57bl6
1772099302_E09;27;0;6729;Glut_Tac1_1;Glut11;C57bl6
1772117160_C01;20;0;5127;Glut_Tac1_1;Glut11;C57bl6
1772117124_A09;27;0;10761;Glut_Tac1_1;Glut11;C57bl6
1772117123_C07;26;0;7854;Glut_Tac1_1;Glut11;C57bl6
1772117102_B07;21;0;9695;Glut_Tac1_1;Glut11;C57bl6
1772099090_A06;20;0;21323;Glut_Tac1_1;Glut11;C57bl6
1772117103_H07;22;0;24054;Glut_Tac1_1;Glut11;C57bl6
1772099155_H07;18;0;7223;Glut_Tac1_1;Glut11;C57bl6
1772099114_E11;20;0;6944;Glut_Tac1_1;Glut11;C57bl6
1772099119_B07;21;0;7676;Glut_Tac1_1;Glut11;C57bl6
1772099113_F10;20;0;10323;Glut_Tac1_1;Glut11;C57bl6
1772099114_C03;20;0;16160;Glut_Tac1_1;Glut11;C57bl6
1772117159_C04;20;0;8111;Glut_Tac1_1;Glut11;C57bl6
1772117101_E06;21;0;16136;Glut_Tac1_1;Glut11;C57bl6
1772122140_C04;25;0;12668;Glut_Tac1_1;Glut11;vGlut2-eGFP
1772122140_C02;25;0;9019;Glut_Tac1_1;Glut11;vGlut2-eGFP
1772122140_F06;25;0;7230;Glut_Tac1_1;Glut11;vGlut2-eGFP
1772123029_H05;25;0;9103;Glut_Tac1_1;Glut11;vGlut2-eGFP
1772122148_C01;23;0;8228;Glut_Tac1_1;Glut11;vGlut2-eGFP
1772117159_B08;20;0;11719;Glut_Tac1_1;Glut11;C57bl6
1772099302_F06;27;0;6793;Glut_Tac1_1;Glut11;C57bl6
1772122148_H06;23;0;9354;Glut_Tac1_1;Glut11;vGlut2-eGFP
1772122140_B07;25;0;8798;Glut_Tac1_1;Glut11;vGlut2-eGFP
1772117104_H06;22;0;19422;Glut_Tac1_1;Glut11;C57bl6
1772099305_C12;27;0;4611;Glut_Tac1_1;Glut11;C57bl6
1772123029_A08;25;0;7889;Glut_Tac1_1;Glut11;vGlut2-eGFP
1772099298_E09;26;0;9162;Glut_Tac1_1;Glut11;C57bl6
1772099316_B11;22;1;10771;Glut_Tac1_1;Glut11;C57bl6
1772122140_D11;25;0;11409;Glut_Tac1_1;Glut11;vGlut2-eGFP
1772123029_G10;25;0;6939;Glut_Tac1_1;Glut11;vGlut2-eGFP
1772117102_A07;21;0;19487;Glut_Tac1_1;Glut11;C57bl6
1772099113_G06;20;0;8014;Glut_Tac1_1;Glut11;C57bl6
1772123029_A12;25;0;5458;Glut_Tac1_1;Glut11;vGlut2-eGFP
1772117154_H10;19;0;15131;Glut_Tac1_1;Glut11;C57bl6
1772123029_A11;25;0;7552;Glut_Tac1_1;Glut11;vGlut2-eGFP
1772099113_D04;20;0;12958;Glut_Tac1_1;Glut11;C57bl6
1772099110_F09;19;0;7076;Glut_Tac1_1;Glut11;C57bl6
1772123029_F11;25;0;6549;Glut_Tac1_1;Glut11;vGlut2-eGFP
1772099115_A03;20;0;10255;Glut_Tac1_1;Glut11;C57bl6
1772122148_G10;23;0;11712;Glut_Tac1_1;Glut11;vGlut2-eGFP
1772099109_A03;19;0;6749;Glut_Tac1_1;Glut11;C57bl6
1772099154_C05;18;0;14948;Glut_Tac1_1;Glut11;C57bl6
1772099304_E04;27;0;17136;Glut_Tac1_1;Glut11;C57bl6
1772123027_E02;25;0;7077;Glut_Tac1_1;Glut11;vGlut2-eGFP
1772123029_D05;25;0;6454;Glut_Tac1_1;Glut11;vGlut2-eGFP
1772123027_B04;25;0;8538;Glut_Tac1_1;Glut11;vGlut2-eGFP
1772122140_E06;25;0;13038;Glut_Tac1_1;Glut11;vGlut2-eGFP
1772099042_A02;28;0;7304;Glut_Tac1_1;Glut11;C57bl6
1772099119_E06;21;0;7122;Glut_Tac1_1;Glut11;C57bl6
1772123027_C01;25;0;5305;Glut_Tac1_1;Glut11;vGlut2-eGFP
1772122143_E09;24;0;5576;Glut_Tac1_1;Glut11;vGlut2-eGFP
1772117156_C05;19;0;4805;Glut_Tac1_1;Glut11;C57bl6
1772117161_H11;20;0;5580;Glut_Tac1_1;Glut11;C57bl6
1772122148_E09;23;0;7523;Glut_Tac1_1;Glut11;vGlut2-eGFP
1772117096_A03;26;0;9151;Glut_Tac1_1;Glut11;C57bl6
1772123028_E08;25;0;4419;Glut_Tac1_1;Glut11;vGlut2-eGFP
1772099112_A03;19;0;8842;Glut_Qrfpr;Glut12;C57bl6
1772099110_D10;19;0;4452;Glut_Qrfpr;Glut12;C57bl6
1772099112_H09;19;0;26003;Glut_Qrfpr;Glut12;C57bl6
1772117102_E10;21;0;19516;Glut_Qrfpr;Glut12;C57bl6
1772099112_D12;19;0;4065;Glut_Qrfpr;Glut12;C57bl6
1772099301_G11;26;0;8302;Glut_Qrfpr;Glut12;C57bl6
1772117154_E04;19;0;7773;Glut_Qrfpr;Glut12;C57bl6
1772099044_C11;28;0;6586;Glut_Qrfpr;Glut12;C57bl6
1772122148_B11;23;0;7705;Glut_Qrfpr;Glut12;vGlut2-eGFP
1772099313_F11;22;1;6691;Glut_Qrfpr;Glut12;C57bl6
1772099304_A10;27;0;5157;Glut_Qrfpr;Glut12;C57bl6
1772099315_H02;22;1;4668;Glut_Qrfpr;Glut12;C57bl6
1772099114_E08;20;0;8299;Glut_Qrfpr;Glut12;C57bl6
1772099106_B04;18;0;5989;Glut_Qrfpr;Glut12;C57bl6
1772117057_E09;27;0;9513;Glut_Qrfpr;Glut12;C57bl6
1772099040_G06;28;0;5707;Glut_Qrfpr;Glut12;C57bl6
1772117158_A04;19;0;6778;Glut_Qrfpr;Glut12;C57bl6
1772099090_A03;20;0;6702;Glut_Qrfpr;Glut12;C57bl6
1772099152_A01;18;0;6949;Glut_Qrfpr;Glut12;C57bl6
1772099119_D12;21;0;10146;Glut_Qrfpr;Glut12;C57bl6
1772099042_B03;28;0;4957;Glut_Qrfpr;Glut12;C57bl6
1772117101_B10;21;0;7589;Glut_Qrfpr;Glut12;C57bl6
1772099153_H02;18;0;12754;Glut_Qrfpr;Glut12;C57bl6
1772117107_B10;22;0;6981;Glut_Qrfpr;Glut12;C57bl6
1772122140_C05;25;0;8925;Glut_Qrfpr;Glut12;vGlut2-eGFP
1772099116_C04;20;0;9477;Glut_Qrfpr;Glut12;C57bl6
1772099154_F11;18;0;4592;Glut_Qrfpr;Glut12;C57bl6
1772117158_E11;19;0;5463;Glut_Qrfpr;Glut12;C57bl6
1772117059_D10;27;0;4783;Glut_Qrfpr;Glut12;C57bl6
1772122148_D11;23;0;6740;Glut_Qrfpr;Glut12;vGlut2-eGFP
1772099153_C03;18;0;6990;Glut_Qrfpr;Glut12;C57bl6
1772099302_F11;27;0;5838;Glut_Qrfpr;Glut12;C57bl6
1772099043_G11;28;0;5191;Glut_Qrfpr;Glut12;C57bl6
1772099152_A04;18;0;4839;Glut_Qrfpr;Glut12;C57bl6
1772099303_G11;27;0;10514;Glut_Qrfpr;Glut12;C57bl6
1772099105_A01;18;0;19353;Glut_Elavl4;Glut13;C57bl6
1772117156_C11;19;0;28888;Glut_Elavl4;Glut13;C57bl6
1772123029_F04;25;0;16423;Glut_Elavl4;Glut13;vGlut2-eGFP
1772122140_F09;25;0;11791;Glut_Elavl4;Glut13;vGlut2-eGFP
1772122140_H04;25;0;13152;Glut_Elavl4;Glut13;vGlut2-eGFP
1772122148_B10;23;0;10823;Glut_Elavl4;Glut13;vGlut2-eGFP
1772117137_A02;20;0;12522;Glut_Elavl4;Glut13;C57bl6
1772122168_A11;26;0;12450;Glut_Elavl4;Glut13;vGlut2-eGFP
1772099117_B08;21;0;15105;Glut_Elavl4;Glut13;C57bl6
1772099313_C06;22;1;8640;Glut_Elavl4;Glut13;C57bl6
1772122140_F07;25;0;15709;Glut_Elavl4;Glut13;vGlut2-eGFP
1772099118_F12;21;0;8019;Glut_Elavl4;Glut13;C57bl6
1772099301_C10;26;0;12915;Glut_Elavl4;Glut13;C57bl6
1772123027_A05;25;0;7962;Glut_Elavl4;Glut13;vGlut2-eGFP
1772117123_H03;26;0;8372;Glut_Elavl4;Glut13;C57bl6
1772117055_A06;28;0;9054;Glut_Elavl4;Glut13;C57bl6
1772123028_D11;25;0;6507;Glut_Elavl4;Glut13;vGlut2-eGFP
1772123028_G02;25;0;5271;Glut_Elavl4;Glut13;vGlut2-eGFP
1772122140_A06;25;0;9884;Glut_Elavl4;Glut13;vGlut2-eGFP
1772122140_H01;25;0;10206;Glut_Elavl4;Glut13;vGlut2-eGFP
1772117059_G05;27;0;4935;Glut_Elavl4;Glut13;C57bl6
1772099116_A02;20;0;4624;Glut_Elavl4;Glut13;C57bl6
1772122143_F09;24;0;5162;Glut_Elavl4;Glut13;vGlut2-eGFP
1772099316_H08;22;1;13598;Glut_Elavl4;Glut13;C57bl6
1772099316_H06;22;1;10971;Glut_Elavl4;Glut13;C57bl6
1772099110_C12;19;0;9004;Glut_Elavl4;Glut13;C57bl6
1772099092_D05;20;0;20267;Glut_Elavl4;Glut13;C57bl6
1772099043_A01;28;0;12921;Glut_Elavl4;Glut13;C57bl6
1772117124_E09;27;0;14798;Glut_Elavl4;Glut13;C57bl6
1772099304_C03;27;0;9007;Glut_Elavl4;Glut13;C57bl6
1772099315_A08;22;1;8225;Glut_Elavl4;Glut13;C57bl6
1772099115_E07;20;0;15448;Glut_Elavl4;Glut13;C57bl6
1772099105_G12;18;0;12009;Glut_Elavl4;Glut13;C57bl6
1772117159_H02;20;0;11080;Glut_Elavl4;Glut13;C57bl6
1772099108_C10;18;0;5996;Glut_Elavl4;Glut13;C57bl6
1772117137_C12;20;0;6254;Glut_Elavl4;Glut13;C57bl6
1772123028_A07;25;0;6592;Glut_Elavl4;Glut13;vGlut2-eGFP
1772099120_E12;21;0;15086;Glut_Elavl4;Glut13;C57bl6
1772099155_E07;18;0;14037;Glut_Elavl4_Meis2;Glut14;C57bl6
1772099110_H06;19;0;21602;Glut_Elavl4_Meis2;Glut14;C57bl6
1772099110_H12;19;0;6833;Glut_Elavl4_Meis2;Glut14;C57bl6
1772099316_F03;22;1;18293;Glut_Elavl4_Meis2;Glut14;C57bl6
1772099093_G11;20;0;28023;Glut_Elavl4_Meis2;Glut14;C57bl6
1772099154_D04;18;0;14118;Glut_Elavl4_Meis2;Glut14;C57bl6
1772099301_E03;26;0;14889;Glut_Elavl4_Meis2;Glut14;C57bl6
1772072240_D04;24;0;25847;Glut_Elavl4_Meis2;Glut14;C57bl6
1772099118_H03;21;0;11719;Glut_Elavl4_Meis2;Glut14;C57bl6
1772122148_C06;23;0;12456;Glut_Elavl4_Meis2;Glut14;vGlut2-eGFP
1772117099_H01;21;0;6276;Glut_Elavl4_Meis2;Glut14;C57bl6
1772099302_A12;27;0;12950;Glut_Elavl4_Meis2;Glut14;C57bl6
1772122143_C03;24;0;6130;Glut_Elavl4_Meis2;Glut14;vGlut2-eGFP
1772123029_F02;25;0;10258;Glut_Elavl4_Meis2;Glut14;vGlut2-eGFP
1772099114_D08;20;0;7019;Glut_Elavl4_Meis2;Glut14;C57bl6
1772099120_D06;21;0;12527;Glut_Elavl4_Meis2;Glut14;C57bl6
1772123027_G12;25;0;8248;Glut_Elavl4_Meis2;Glut14;vGlut2-eGFP
1772099305_B11;27;0;11101;Glut_Elavl4_Meis2;Glut14;C57bl6
1772099120_C04;21;0;17952;Glut_Elavl4_Meis2;Glut14;C57bl6
1772117160_B12;20;0;6855;Glut_Elavl4_Meis2;Glut14;C57bl6
1772122168_B11;26;0;20050;Glut_Elavl4_Meis2;Glut14;vGlut2-eGFP
1772117057_B11;27;0;6652;Glut_Elavl4_Meis2;Glut14;C57bl6
1772123029_H08;25;0;7120;Glut_Elavl4_Meis2;Glut14;vGlut2-eGFP
1772123029_F10;25;0;7031;Glut_Elavl4_Meis2;Glut14;vGlut2-eGFP
1772122148_D10;23;0;10106;Glut_Elavl4_Meis2;Glut14;vGlut2-eGFP
1772117104_B04;22;0;14671;Glut_Elavl4_Meis2;Glut14;C57bl6
1772099302_A03;27;0;14741;Glut_Elavl4_Meis2;Glut14;C57bl6
1772117057_C07;27;0;11705;Glut_Elavl4_Meis2;Glut14;C57bl6
1772099154_F04;18;0;15655;Glut_Elavl4_Meis2;Glut14;C57bl6
1772117123_E02;26;0;9620;Glut_Elavl4_Meis2;Glut14;C57bl6
1772117123_E09;26;0;5492;Glut_Elavl4_Meis2;Glut14;C57bl6
1772123028_E09;25;0;5275;Glut_Elavl4_Meis2;Glut14;vGlut2-eGFP
1772123028_H01;25;0;6765;Glut_Elavl4_Meis2;Glut14;vGlut2-eGFP
1772117097_E09;26;0;6451;Glut_Elavl4_Meis2;Glut14;C57bl6
1772099110_E04;19;0;15780;Glut_Elavl4_Lypd1;Glut15;C57bl6
1772099092_H10;20;0;32886;Glut_Elavl4_Lypd1;Glut15;C57bl6
1772099316_E10;22;1;16251;Glut_Elavl4_Lypd1;Glut15;C57bl6
1772099093_C01;20;0;18866;Glut_Elavl4_Lypd1;Glut15;C57bl6
1772099090_E03;20;0;9346;Glut_Elavl4_Lypd1;Glut15;C57bl6
1772117151_H08;19;0;17535;Glut_Elavl4_Lypd1;Glut15;C57bl6
1772099091_C10;20;0;13403;Glut_Elavl4_Lypd1;Glut15;C57bl6
1772117161_A11;20;0;6400;Glut_Elavl4_Lypd1;Glut15;C57bl6
1772117137_H03;20;0;8935;Glut_Elavl4_Lypd1;Glut15;C57bl6
1772072243_D07;19;0;10645;Glut_Elavl4_Lypd1;Glut15;C57bl6
1772117099_G09;21;0;20468;Glut_Elavl4_Lypd1;Glut15;C57bl6
1772117103_G02;22;0;18601;Glut_Elavl4_Lypd1;Glut15;C57bl6
1772122245_F04;17;0;6059;Glut_Elavl4_Lypd1;Glut15;vGat-Cre-tdTomato
1772117124_C07;27;0;14246;Glut_Elavl4_Lypd1;Glut15;C57bl6
1772117137_G05;20;0;7390;Glut_Elavl4_Lypd1;Glut15;C57bl6
1772099105_C10;18;0;4574;Glut_Elavl4_Lypd1;Glut15;C57bl6
1772099301_G12;26;0;11426;Glut_Elavl4_Lypd1;Glut15;C57bl6
1772072240_H12;24;0;6682;Glut_Elavl4_Lypd1;Glut15;C57bl6
1772099115_D06;20;0;8137;Glut_Elavl4_Lypd1;Glut15;C57bl6
1772099113_D09;20;0;8274;Glut_Elavl4_Lypd1;Glut15;C57bl6
1772123027_E03;25;0;7353;Glut_Elavl4_Lypd1;Glut15;vGlut2-eGFP
1772099153_G12;18;0;6164;Glut_Elavl4_Lypd1;Glut15;C57bl6
1772099313_F02;22;1;5776;Glut_Gal;Gaba1;C57bl6
1772099152_D10;18;0;11281;Glut_Gal;Gaba1;C57bl6
1772117059_E04;27;0;9697;Glut_Gal;Gaba1;C57bl6
1772099120_F01;21;0;8777;Glut_Gal;Gaba1;C57bl6
1772117100_C12;21;0;11757;Glut_Gal;Gaba1;C57bl6
1772099153_A06;18;0;22238;Glut_Gal;Gaba1;C57bl6
1772099105_F03;18;0;13983;Glut_Gal;Gaba1;C57bl6
1772117151_G08;19;0;8803;Glut_Gal;Gaba1;C57bl6
1772099039_E08;27;0;4678;Glut_Gal;Gaba1;C57bl6
1772117137_E08;20;0;3331;Glut_Gal;Gaba1;C57bl6
1772072243_A09;19;0;10345;Glut_Gal;Gaba1;C57bl6
1772099014_A10;20;0;3387;Glut_Gal;Gaba1;C57bl6
1772099015_D07;20;0;6830;Glut_Gal;Gaba1;C57bl6
1772117123_D10;26;0;3172;Glut_Gal;Gaba1;C57bl6
1772072240_A12;24;0;6038;Glut_Gal;Gaba1;C57bl6
1772099015_H04;20;0;4039;Glut_Gal;Gaba1;C57bl6
1772122148_C04;23;0;3012;Glut_Gal;Gaba1;vGlut2-eGFP
1772099015_A03;20;0;5000;Glut_Gal;Gaba1;C57bl6
1772099315_E06;22;1;11553;GABA_Gal_Pnoc;Gaba2;C57bl6
1772122245_G09;17;0;10546;GABA_Gal_Pnoc;Gaba2;vGat-Cre-tdTomato
1772099110_H01;19;0;17104;GABA_Gal_Pnoc;Gaba2;C57bl6
1772099303_G03;27;0;15717;GABA_Gal_Pnoc;Gaba2;C57bl6
1772117137_A10;20;0;12840;GABA_Gal_Pnoc;Gaba2;C57bl6
1772099154_B02;18;0;12549;GABA_Gal_Pnoc;Gaba2;C57bl6
1772099303_B11;27;0;5869;GABA_Gal_Pnoc;Gaba2;C57bl6
1772117059_H02;27;0;15099;GABA_Gal_Pnoc;Gaba2;C57bl6
1772099155_H02;18;0;16296;GABA_Gal_Pnoc;Gaba2;C57bl6
1772099303_D03;27;0;20264;GABA_Gal_Pnoc;Gaba2;C57bl6
1772099316_C03;22;1;9228;GABA_Gal_Pnoc;Gaba2;C57bl6
1772117124_A11;27;0;15278;GABA_Gal_Pnoc;Gaba2;C57bl6
1772123023_B08;18;0;10952;GABA_Gal_Pnoc;Gaba2;vGat-Cre-tdTomato
1772099153_B11;18;0;22482;GABA_Gal_Pnoc;Gaba2;C57bl6
1772099090_C05;20;0;9254;GABA_Gal_Pnoc;Gaba2;C57bl6
1772123024_H11;18;0;18564;GABA_Gal_Pnoc;Gaba2;vGat-Cre-tdTomato
1772099154_C12;18;0;7882;GABA_Gal_Pnoc;Gaba2;C57bl6
1772123024_C06;18;0;9849;GABA_Gal_Pnoc;Gaba2;vGat-Cre-tdTomato
1772123023_E08;18;0;14244;GABA_Gal_Pnoc;Gaba2;vGat-Cre-tdTomato
1772117101_E09;21;0;4136;GABA_Gal_Pnoc;Gaba2;C57bl6
1772123023_E04;18;0;20309;GABA_Gal_Pnoc;Gaba2;vGat-Cre-tdTomato
1772122245_B09;17;0;15192;GABA_Gal_Pnoc;Gaba2;vGat-Cre-tdTomato
1772123026_D01;18;0;5427;GABA_Gal_Pnoc;Gaba2;vGat-Cre-tdTomato
1772123026_B05;18;0;4642;GABA_Gal_Pnoc;Gaba2;vGat-Cre-tdTomato
1772123023_E11;18;0;19665;GABA_Gal_Pnoc;Gaba2;vGat-Cre-tdTomato
1772123026_E09;18;0;11217;GABA_Gal_Pnoc;Gaba2;vGat-Cre-tdTomato
1772123024_E11;18;0;15127;GABA_Gal_Pnoc;Gaba2;vGat-Cre-tdTomato
1772123026_G11;18;0;11439;GABA_Gal_Pnoc;Gaba2;vGat-Cre-tdTomato
1772099109_A11;19;0;5322;GABA_Gal_Pnoc;Gaba2;C57bl6
1772123032_C07;24;0;7080;GABA_Gal_Pnoc;Gaba2;vGat-Cre-tdTomato
1772123026_E02;18;0;8501;GABA_Gal_Pnoc;Gaba2;vGat-Cre-tdTomato
1772123026_G07;18;0;11079;GABA_Gal_Pnoc;Gaba2;vGat-Cre-tdTomato
1772122245_A09;17;0;12437;GABA_Gal_Pnoc;Gaba2;vGat-Cre-tdTomato
1772117156_F09;19;0;7478;GABA_Gal_Pnoc;Gaba2;C57bl6
1772122248_G08;17;0;11592;GABA_Gal_Pnoc;Gaba2;vGat-Cre-tdTomato
1772122247_C12;17;0;14967;GABA_Gal_Pnoc;Gaba2;vGat-Cre-tdTomato
1772123023_G02;18;0;12475;GABA_Gal_Pnoc;Gaba2;vGat-Cre-tdTomato
1772123026_D03;18;0;8268;GABA_Gal_Pnoc;Gaba2;vGat-Cre-tdTomato
1772122248_A06;17;0;11650;GABA_Gal_Pnoc;Gaba2;vGat-Cre-tdTomato
1772123026_E08;18;0;6323;GABA_Gal_Pnoc;Gaba2;vGat-Cre-tdTomato
1772099093_G10;20;0;28224;GABA_Gal_Pnoc;Gaba2;C57bl6
1772117096_F05;26;0;9100;GABA_Gal_Pnoc;Gaba2;C57bl6
1772099110_D12;19;0;8554;GABA_Gal_Pnoc;Gaba2;C57bl6
1772099313_E04;22;1;8129;GABA_Gal_Pnoc;Gaba2;C57bl6
1772099092_E11;20;0;16229;GABA_Gal_Pnoc;Gaba2;C57bl6
1772123026_G08;18;0;6188;GABA_Gal_Pnoc;Gaba2;vGat-Cre-tdTomato
1772099092_C11;20;0;6853;GABA_Gal_Pnoc;Gaba2;C57bl6
1772117104_B03;22;0;14817;GABA_Gal_Pnoc;Gaba2;C57bl6
1772123032_F04;24;0;9005;GABA_Gal_Pnoc;Gaba2;vGat-Cre-tdTomato
1772099113_D06;20;0;8969;GABA_Gal_Pnoc;Gaba2;C57bl6
1772099313_H05;22;1;10881;GABA_Gal_Pnoc;Gaba2;C57bl6
1772117124_D12;27;0;10614;GABA_Gal_Pnoc;Gaba2;C57bl6
1772123026_B06;18;0;10626;GABA_Gal_Pnoc;Gaba2;vGat-Cre-tdTomato
1772099298_F09;26;0;7753;GABA_Gal_Pnoc;Gaba2;C57bl6
1772099116_D12;20;0;4210;GABA_Gal_Pnoc;Gaba2;C57bl6
1772117159_E04;20;0;13376;GABA_Gal_Pnoc;Gaba2;C57bl6
1772072243_H01;19;0;10977;GABA_Gal_Pnoc;Gaba2;C57bl6
1772117160_F07;20;0;12731;GABA_Gal_Pnoc;Gaba2;C57bl6
1772123034_A04;24;0;8808;GABA_Gal_Pnoc;Gaba2;vGat-Cre-tdTomato
1772117123_F09;26;0;10710;GABA_Gal_Pnoc;Gaba2;C57bl6
1772123032_G12;24;0;7714;GABA_Gal_Pnoc;Gaba2;vGat-Cre-tdTomato
1772123034_D01;24;0;9588;GABA_Gal_Pnoc;Gaba2;vGat-Cre-tdTomato
1772117104_D12;22;0;11200;GABA_Gal_Pnoc;Gaba2;C57bl6
1772117100_F01;21;0;23058;GABA_Gal_Pnoc;Gaba2;C57bl6
1772123024_G10;18;0;14057;GABA_Gal_Pnoc;Gaba2;vGat-Cre-tdTomato
1772123024_C07;18;0;11918;GABA_Gal_Pnoc;Gaba2;vGat-Cre-tdTomato
1772123026_E06;18;0;14284;GABA_Gal_Pnoc;Gaba2;vGat-Cre-tdTomato
1772122248_D12;17;0;9462;GABA_Gal_Pnoc;Gaba2;vGat-Cre-tdTomato
1772123034_E03;24;0;11390;GABA_Gal_Pnoc;Gaba2;vGat-Cre-tdTomato
1772122248_G03;17;0;10886;GABA_Gal_Pnoc;Gaba2;vGat-Cre-tdTomato
1772123023_F07;18;0;14839;GABA_Gal_Pnoc;Gaba2;vGat-Cre-tdTomato
1772123026_A06;18;0;8232;GABA_Gal_Pnoc;Gaba2;vGat-Cre-tdTomato
1772123032_F12;24;0;11425;GABA_Gal_Pnoc;Gaba2;vGat-Cre-tdTomato
1772123034_D10;24;0;7377;GABA_Gal_Pnoc;Gaba2;vGat-Cre-tdTomato
1772123034_H10;24;0;5286;GABA_Gal_Pnoc;Gaba2;vGat-Cre-tdTomato
1772123032_D09;24;0;8134;GABA_Gal_Pnoc;Gaba2;vGat-Cre-tdTomato
1772123034_E05;24;0;9579;GABA_Gal_Pnoc;Gaba2;vGat-Cre-tdTomato
1772122248_H10;17;0;6814;GABA_Gal_Pnoc;Gaba2;vGat-Cre-tdTomato
1772123032_B10;24;0;5610;GABA_Gal_Pnoc;Gaba2;vGat-Cre-tdTomato
1772123032_D01;24;0;7307;GABA_Gal_Pnoc;Gaba2;vGat-Cre-tdTomato
1772122248_D07;17;0;10211;GABA_Gal_Pnoc;Gaba2;vGat-Cre-tdTomato
1772122248_G02;17;0;10700;GABA_Gal_Pnoc;Gaba2;vGat-Cre-tdTomato
1772122248_F10;17;0;7863;GABA_Gal_Pnoc;Gaba2;vGat-Cre-tdTomato
1772123034_E12;24;0;10846;GABA_Gal_Pnoc;Gaba2;vGat-Cre-tdTomato
1772123032_A11;24;0;7409;GABA_Gal_Pnoc;Gaba2;vGat-Cre-tdTomato
1772123026_B08;18;0;9857;GABA_Gal_Pnoc;Gaba2;vGat-Cre-tdTomato
1772123026_C10;18;0;9779;GABA_Gal_Pnoc;Gaba2;vGat-Cre-tdTomato
1772099110_A06;19;0;11357;GABA_Gal_Rspo3;Gaba3;C57bl6
1772099314_B06;22;1;22048;GABA_Gal_Rspo3;Gaba3;C57bl6
1772099154_H06;18;0;8109;GABA_Gal_Rspo3;Gaba3;C57bl6
1772117108_D03;22;0;6408;GABA_Gal_Rspo3;Gaba3;C57bl6
1772117151_H04;19;0;6977;GABA_Gal_Rspo3;Gaba3;C57bl6
1772099305_H12;27;0;8470;GABA_Gal_Rspo3;Gaba3;C57bl6
1772099117_D04;21;0;6613;GABA_Gal_Rspo3;Gaba3;C57bl6
1772117096_A08;26;0;4244;GABA_Gal_Rspo3;Gaba3;C57bl6
1772117096_H07;26;0;9801;GABA_Gal_Rspo3;Gaba3;C57bl6
1772117101_H01;21;0;8182;GABA_Gal_Rspo3;Gaba3;C57bl6
1772122247_A06;17;0;19303;GABA_Gal_Rspo3;Gaba3;vGat-Cre-tdTomato
1772122248_G09;17;0;7948;GABA_Gal_Rspo3;Gaba3;vGat-Cre-tdTomato
1772122248_C08;17;0;8600;GABA_Gal_Rspo3;Gaba3;vGat-Cre-tdTomato
1772123026_A09;18;0;10120;GABA_Gal_Rspo3;Gaba3;vGat-Cre-tdTomato
1772117096_B08;26;0;14675;GABA_Gal_Rspo3;Gaba3;C57bl6
1772117151_F08;19;0;7667;GABA_Gal_Rspo3;Gaba3;C57bl6
1772099118_F04;21;0;9721;GABA_Gal_Rspo3;Gaba3;C57bl6
1772123034_H01;24;0;5994;GABA_Gal_Rspo3;Gaba3;vGat-Cre-tdTomato
1772122248_A05;17;0;7780;GABA_Gal_Rspo3;Gaba3;vGat-Cre-tdTomato
1772122248_F01;17;0;11624;GABA_Gal_Rspo3;Gaba3;vGat-Cre-tdTomato
1772117100_B11;21;0;7074;GABA_Gal_Rspo3;Gaba3;C57bl6
1772099154_E07;18;0;5646;GABA_Gal_Rspo3;Gaba3;C57bl6
1772122248_B08;17;0;8351;GABA_Gal_Rspo3;Gaba3;vGat-Cre-tdTomato
1772099305_B10;27;0;16847;GABA_Gal_Rspo3;Gaba3;C57bl6
1772123034_B05;24;0;6360;GABA_Gal_Rspo3;Gaba3;vGat-Cre-tdTomato
1772099153_F03;18;0;3986;GABA_Gal_Rspo3;Gaba3;C57bl6
1772123023_A01;18;0;10815;GABA_Gal_Rspo3;Gaba3;vGat-Cre-tdTomato
1772117101_C02;21;0;11960;GABA_Gal_Rspo3;Gaba3;C57bl6
1772099113_F03;20;0;4919;GABA_Gal_Rspo3;Gaba3;C57bl6
1772123023_H05;18;0;6478;GABA_Gal_Rspo3;Gaba3;vGat-Cre-tdTomato
1772117156_C06;19;0;7685;GABA_Gal_Rspo3;Gaba3;C57bl6
1772122248_E11;17;0;9785;GABA_Gal_Rspo3;Gaba3;vGat-Cre-tdTomato
1772099305_F06;27;0;9757;GABA_Gal_Rspo3;Gaba3;C57bl6
1772122247_E11;17;0;10090;GABA_Gal_Rspo3;Gaba3;vGat-Cre-tdTomato
1772123024_A03;18;0;10277;GABA_Gal_Rspo3;Gaba3;vGat-Cre-tdTomato
1772117096_D12;26;0;8063;GABA_Gal_Rspo3;Gaba3;C57bl6
1772123032_D03;24;0;5146;GABA_Gal_Rspo3;Gaba3;vGat-Cre-tdTomato
1772122248_D10;17;0;11844;GABA_Gal_Rspo3;Gaba3;vGat-Cre-tdTomato
1772122248_B02;17;0;7327;GABA_Gal_Rspo3;Gaba3;vGat-Cre-tdTomato
1772123032_C11;24;0;8226;GABA_Gal_Rspo3;Gaba3;vGat-Cre-tdTomato
1772123034_E08;24;0;4450;GABA_Gal_Rspo3;Gaba3;vGat-Cre-tdTomato
1772123026_H10;18;0;6298;GABA_Gal_Rspo3;Gaba3;vGat-Cre-tdTomato
1772099014_G04;20;0;4774;GABA_Gal_Rspo3;Gaba3;C57bl6
1772122168_F05;26;0;5016;GABA_Gal_Rspo3;Gaba3;vGlut2-eGFP
1772123032_B09;24;0;6612;GABA_Gal_Rspo3;Gaba3;vGat-Cre-tdTomato
1772123024_H05;18;0;10277;GABA_Gal_Rspo3;Gaba3;vGat-Cre-tdTomato
1772117108_E04;22;0;6091;GABA_Gal_Rspo3;Gaba3;C57bl6
1772122245_D04;17;0;9723;GABA_Gal_Rspo3;Gaba3;vGat-Cre-tdTomato
1772123023_F10;18;0;8523;GABA_Gal_Rspo3;Gaba3;vGat-Cre-tdTomato
1772122245_C04;17;0;9273;GABA_Gal_Rspo3;Gaba3;vGat-Cre-tdTomato
1772099109_E11;19;0;4264;GABA_Gal_Rspo3;Gaba3;C57bl6
1772123026_F05;18;0;8638;GABA_Gal_Rspo3;Gaba3;vGat-Cre-tdTomato
1772123034_H02;24;0;4424;GABA_Gal_Rspo3;Gaba3;vGat-Cre-tdTomato
1772123032_G11;24;0;7747;GABA_Gal_Rspo3;Gaba3;vGat-Cre-tdTomato
1772099106_F05;18;0;4811;GABA_Gal_Rspo3;Gaba3;C57bl6
1772123034_C07;24;0;6325;GABA_Gal_Rspo3;Gaba3;vGat-Cre-tdTomato
1772123023_G10;18;0;7708;GABA_Gal_Rspo3;Gaba3;vGat-Cre-tdTomato
1772123023_G04;18;0;13377;GABA_Gal_Rspo3;Gaba3;vGat-Cre-tdTomato
1772123034_A09;24;0;10190;GABA_Gal_Rspo3;Gaba3;vGat-Cre-tdTomato
1772117123_C05;26;0;9051;GABA_Gal_Rspo3;Gaba3;C57bl6
1772123023_B07;18;0;9172;GABA_Gal_Rspo3;Gaba3;vGat-Cre-tdTomato
1772122245_C03;17;0;9791;GABA_Gal_Rspo3;Gaba3;vGat-Cre-tdTomato
1772099117_G05;21;0;6750;GABA_Gal_Rspo3;Gaba3;C57bl6
1772123034_A06;24;0;7571;GABA_Gal_Rspo3;Gaba3;vGat-Cre-tdTomato
1772122245_B02;17;0;7814;GABA_Gal_Rspo3;Gaba3;vGat-Cre-tdTomato
1772123024_H03;18;0;10514;GABA_Gal_Rspo3;Gaba3;vGat-Cre-tdTomato
1772117156_A08;19;0;4222;GABA_Gal_Rspo3;Gaba3;C57bl6
1772122245_E09;17;0;8681;GABA_Gal_Rspo3;Gaba3;vGat-Cre-tdTomato
1772099110_B01;19;0;4690;GABA_Gal_Rspo3;Gaba3;C57bl6
1772099112_D03;19;0;7381;GABA_Gal_Rspo3;Gaba3;C57bl6
1772117107_F04;22;0;7148;GABA_Gal_Rspo3;Gaba3;C57bl6
1772123034_C10;24;0;6946;GABA_Gal_Rspo3;Gaba3;vGat-Cre-tdTomato
1772123026_D12;18;0;7875;GABA_Gal_Rspo3;Gaba3;vGat-Cre-tdTomato
1772123024_E12;18;0;6980;GABA_Gal_Rspo3;Gaba3;vGat-Cre-tdTomato
1772123034_F06;24;0;8474;GABA_Gal_Rspo3;Gaba3;vGat-Cre-tdTomato
1772122245_C01;17;0;8495;GABA_Gal_Rspo3;Gaba3;vGat-Cre-tdTomato
1772122245_E05;17;0;10933;GABA_Gal_Rspo3;Gaba3;vGat-Cre-tdTomato
1772123032_G05;24;0;10286;GABA_Gal_Rspo3;Gaba3;vGat-Cre-tdTomato
1772123034_D03;24;0;7527;GABA_Gal_Rspo3;Gaba3;vGat-Cre-tdTomato
1772099106_D01;18;0;12029;GABA_Gal_Rspo3;Gaba3;C57bl6
1772099116_D11;20;0;5023;GABA_Gal_Rspo3;Gaba3;C57bl6
1772123024_B12;18;0;6522;GABA_Gal_Rspo3;Gaba3;vGat-Cre-tdTomato
1772123026_E05;18;0;6897;GABA_Gal_Rspo3;Gaba3;vGat-Cre-tdTomato
1772122247_C10;17;0;15738;GABA_Gal_Rspo3;Gaba3;vGat-Cre-tdTomato
1772122248_G04;17;0;7304;GABA_Gal_Rspo3;Gaba3;vGat-Cre-tdTomato
1772123032_C02;24;0;9183;GABA_Gal_Rspo3;Gaba3;vGat-Cre-tdTomato
1772123024_F05;18;0;9297;GABA_Gal_Rspo3;Gaba3;vGat-Cre-tdTomato
1772122245_H03;17;0;8821;GABA_Gal_Rspo3;Gaba3;vGat-Cre-tdTomato
1772123034_A11;24;0;9034;GABA_Gal_Rspo3;Gaba3;vGat-Cre-tdTomato
1772122248_G11;17;0;9075;GABA_Gal_Rspo3;Gaba3;vGat-Cre-tdTomato
1772123024_G06;18;0;14201;GABA_Gal_Rspo3;Gaba3;vGat-Cre-tdTomato
1772123023_F11;18;0;10844;GABA_Gal_Rspo3;Gaba3;vGat-Cre-tdTomato
1772117100_D10;21;0;11290;GABA_Gal_Rspo3;Gaba3;C57bl6
1772123032_F07;24;0;13113;GABA_Gal_Rspo3;Gaba3;vGat-Cre-tdTomato
1772123034_E01;24;0;8862;GABA_Gal_Rspo3;Gaba3;vGat-Cre-tdTomato
1772123024_A05;18;0;11015;GABA_Gal_Rspo3;Gaba3;vGat-Cre-tdTomato
1772123024_A11;18;0;12583;GABA_Gal_Rspo3;Gaba3;vGat-Cre-tdTomato
1772123024_F10;18;0;8913;GABA_Gal_Rspo3;Gaba3;vGat-Cre-tdTomato
1772123034_F04;24;0;7922;GABA_Gal_Rspo3;Gaba3;vGat-Cre-tdTomato
1772123024_G07;18;0;10494;GABA_Gal_Rspo3;Gaba3;vGat-Cre-tdTomato
1772122245_B06;17;0;12098;GABA_Gal_Rspo3;Gaba3;vGat-Cre-tdTomato
1772122247_E09;17;0;10825;GABA_Gal_Rspo3;Gaba3;vGat-Cre-tdTomato
1772123024_A07;18;0;13940;GABA_Gal_Rspo3;Gaba3;vGat-Cre-tdTomato
1772123032_F11;24;0;9184;GABA_Gal_Rspo3;Gaba3;vGat-Cre-tdTomato
1772099118_B07;21;0;9862;GABA_Gal_Rspo3;Gaba3;C57bl6
1772123034_A10;24;0;7531;GABA_Gal_Rspo3;Gaba3;vGat-Cre-tdTomato
1772123023_C12;18;0;8262;GABA_Gal_Rspo3;Gaba3;vGat-Cre-tdTomato
1772123023_A12;18;0;7187;GABA_Gal_Rspo3;Gaba3;vGat-Cre-tdTomato
1772123024_B05;18;0;10395;GABA_Gal_Rspo3;Gaba3;vGat-Cre-tdTomato
1772123032_E04;24;0;9794;GABA_Gal_Rspo3;Gaba3;vGat-Cre-tdTomato
1772123032_F10;24;0;7962;GABA_Gal_Rspo3;Gaba3;vGat-Cre-tdTomato
1772123026_F04;18;0;11065;GABA_Gal_Rspo3;Gaba3;vGat-Cre-tdTomato
1772123024_A08;18;0;11197;GABA_Gal_Rspo3;Gaba3;vGat-Cre-tdTomato
1772123034_D04;24;0;9589;GABA_Gal_Rspo3;Gaba3;vGat-Cre-tdTomato
1772123023_F04;18;0;5203;GABA_Gal_Rspo3;Gaba3;vGat-Cre-tdTomato
1772123034_B09;24;0;8201;GABA_Gal_Rspo3;Gaba3;vGat-Cre-tdTomato
1772123023_A04;18;0;5711;GABA_Gal_Rspo3;Gaba3;vGat-Cre-tdTomato
1772122247_F09;17;0;10004;GABA_Gal_Rspo3;Gaba3;vGat-Cre-tdTomato
1772123026_A07;18;0;11569;GABA_Gal_Rspo3;Gaba3;vGat-Cre-tdTomato
1772123024_H04;18;0;12996;GABA_Gal_Rspo3;Gaba3;vGat-Cre-tdTomato
1772123024_A01;18;0;12649;GABA_Gal_Rspo3;Gaba3;vGat-Cre-tdTomato
1772122248_C04;17;0;9385;GABA_Gal_Rspo3;Gaba3;vGat-Cre-tdTomato
1772122248_D06;17;0;9602;GABA_Gal_Rspo3;Gaba3;vGat-Cre-tdTomato
1772123024_B10;18;0;9603;GABA_Gal_Rspo3;Gaba3;vGat-Cre-tdTomato
1772123023_A09;18;0;9196;GABA_Gal_Rspo3;Gaba3;vGat-Cre-tdTomato
1772123024_H07;18;0;14875;GABA_Gal_Rspo3;Gaba3;vGat-Cre-tdTomato
1772122247_C06;17;0;13884;GABA_Gal_Rspo3;Gaba3;vGat-Cre-tdTomato
1772123023_D04;18;0;12282;GABA_Gal_Rspo3;Gaba3;vGat-Cre-tdTomato
1772123024_A10;18;0;11626;GABA_Gal_Rspo3;Gaba3;vGat-Cre-tdTomato
1772123024_F02;18;0;17142;GABA_Gal_Rspo3;Gaba3;vGat-Cre-tdTomato
1772123024_A06;18;0;11160;GABA_Gal_Rspo3;Gaba3;vGat-Cre-tdTomato
1772123026_C04;18;0;8572;GABA_Gal_Rspo3;Gaba3;vGat-Cre-tdTomato
1772123023_C11;18;0;12605;GABA_Gal_Rspo3;Gaba3;vGat-Cre-tdTomato
1772123024_F09;18;0;13733;GABA_Gal_Rspo3;Gaba3;vGat-Cre-tdTomato
1772123024_C02;18;0;11362;GABA_Gal_Rspo3;Gaba3;vGat-Cre-tdTomato
1772123024_B06;18;0;11100;GABA_Gal_Rspo3;Gaba3;vGat-Cre-tdTomato
1772123024_E02;18;0;13228;GABA_Gal_Rspo3;Gaba3;vGat-Cre-tdTomato
1772123024_E04;18;0;11171;GABA_Gal_Rspo3;Gaba3;vGat-Cre-tdTomato
1772123024_C11;18;0;7864;GABA_Gal_Rspo3;Gaba3;vGat-Cre-tdTomato
1772123024_G02;18;0;11746;GABA_Gal_Rspo3;Gaba3;vGat-Cre-tdTomato
1772122247_F03;17;0;6981;GABA_Gal_Rspo3;Gaba3;vGat-Cre-tdTomato
1772123026_D04;18;0;9227;GABA_Gal_Rspo3;Gaba3;vGat-Cre-tdTomato
1772123024_B11;18;0;12273;GABA_Gal_Rspo3;Gaba3;vGat-Cre-tdTomato
1772123024_B08;18;0;9916;GABA_Gal_Rspo3;Gaba3;vGat-Cre-tdTomato
1772123024_D02;18;0;13581;GABA_Gal_Rspo3;Gaba3;vGat-Cre-tdTomato
1772099314_C12;22;1;11429;GABA_Tac2;Gaba4;C57bl6
1772099110_C11;19;0;14583;GABA_Tac2;Gaba4;C57bl6
1772072243_B01;19;0;14935;GABA_Tac2;Gaba4;C57bl6
1772123023_G07;18;0;10985;GABA_Tac2;Gaba4;vGat-Cre-tdTomato
1772117055_G02;28;0;12852;GABA_Tac2;Gaba4;C57bl6
1772123034_F10;24;0;14901;GABA_Tac2;Gaba4;vGat-Cre-tdTomato
1772122247_D07;17;0;11062;GABA_Tac2;Gaba4;vGat-Cre-tdTomato
1772117103_B10;22;0;10673;GABA_Tac2;Gaba4;C57bl6
1772123032_E01;24;0;11596;GABA_Tac2;Gaba4;vGat-Cre-tdTomato
1772122248_H09;17;0;14152;GABA_Tac2;Gaba4;vGat-Cre-tdTomato
1772123026_D05;18;0;8763;GABA_Tac2;Gaba4;vGat-Cre-tdTomato
1772099316_D10;22;1;22260;GABA_Npy_only;Gaba5;C57bl6
1772099118_G04;21;0;18585;GABA_Npy_only;Gaba5;C57bl6
1772099316_B09;22;1;27175;GABA_Npy_only;Gaba5;C57bl6
1772099304_F11;27;0;14619;GABA_Npy_only;Gaba5;C57bl6
1772099298_F03;26;0;8422;GABA_Npy_only;Gaba5;C57bl6
1772123024_G11;18;0;14885;GABA_Npy_only;Gaba5;vGat-Cre-tdTomato
1772123026_H06;18;0;13841;GABA_Npy_only;Gaba5;vGat-Cre-tdTomato
1772123032_G03;24;0;11566;GABA_Npy_only;Gaba5;vGat-Cre-tdTomato
1772123023_C06;18;0;16394;GABA_Npy_only;Gaba5;vGat-Cre-tdTomato
1772123032_A01;24;0;12439;GABA_Npy_only;Gaba5;vGat-Cre-tdTomato
1772123024_C12;18;0;11768;GABA_Npy_only;Gaba5;vGat-Cre-tdTomato
1772122248_E10;17;0;10419;GABA_Npy_only;Gaba5;vGat-Cre-tdTomato
1772123032_H04;24;0;13296;GABA_Npy_only;Gaba5;vGat-Cre-tdTomato
1772122248_H01;17;0;11355;GABA_Npy_only;Gaba5;vGat-Cre-tdTomato
1772122248_A02;17;0;13650;GABA_Npy_only;Gaba5;vGat-Cre-tdTomato
1772122248_F04;17;0;18052;GABA_Npy_only;Gaba5;vGat-Cre-tdTomato
1772122245_E11;17;0;12831;GABA_Npy_only;Gaba5;vGat-Cre-tdTomato
1772123032_B04;24;0;5500;GABA_Npy_only;Gaba5;vGat-Cre-tdTomato
1772123024_D07;18;0;17238;GABA_Npy_only;Gaba5;vGat-Cre-tdTomato
1772122247_E12;17;0;11595;GABA_Npy_Qrfpr;Gaba6;vGat-Cre-tdTomato
1772123024_C01;18;0;13786;GABA_Npy_Qrfpr;Gaba6;vGat-Cre-tdTomato
1772122245_G02;17;0;13167;GABA_Npy_Qrfpr;Gaba6;vGat-Cre-tdTomato
1772123024_D06;18;0;12775;GABA_Npy_Qrfpr;Gaba6;vGat-Cre-tdTomato
1772123023_H01;18;0;11980;GABA_Npy_Qrfpr;Gaba6;vGat-Cre-tdTomato
1772123034_E09;24;0;13238;GABA_Npy_Qrfpr;Gaba6;vGat-Cre-tdTomato
1772123024_E09;18;0;8706;GABA_Npy_Qrfpr;Gaba6;vGat-Cre-tdTomato
1772123024_F03;18;0;16264;GABA_Npy_Qrfpr;Gaba6;vGat-Cre-tdTomato
1772123024_D12;18;0;11088;GABA_Npy_Qrfpr;Gaba6;vGat-Cre-tdTomato
1772123024_D03;18;0;16711;GABA_Npy_Qrfpr;Gaba6;vGat-Cre-tdTomato
1772123026_C12;18;0;9758;GABA_Npy_Qrfpr;Gaba6;vGat-Cre-tdTomato
1772123024_G12;18;0;12081;GABA_Npy_Qrfpr;Gaba6;vGat-Cre-tdTomato
1772122245_G07;17;0;9730;GABA_Npy_Qrfpr;Gaba6;vGat-Cre-tdTomato
1772123032_B02;24;0;7551;GABA_Npy_Qrfpr;Gaba6;vGat-Cre-tdTomato
1772123026_A03;18;0;9911;GABA_Npy_Qrfpr;Gaba6;vGat-Cre-tdTomato
1772123024_D05;18;0;15005;GABA_Npy_Qrfpr;Gaba6;vGat-Cre-tdTomato
1772122248_E12;17;0;8308;GABA_Npy_Qrfpr;Gaba6;vGat-Cre-tdTomato
1772122248_C11;17;0;8648;GABA_Npy_Qrfpr;Gaba6;vGat-Cre-tdTomato
1772123032_H12;24;0;11444;GABA_Npy_Qrfpr;Gaba6;vGat-Cre-tdTomato
1772122247_A11;17;0;12540;GABA_Npy_Qrfpr;Gaba6;vGat-Cre-tdTomato
1772099090_G01;20;0;11289;GABA_Npy_Qrfpr;Gaba6;C57bl6
1772123032_B07;24;0;7432;GABA_Npy_Qrfpr;Gaba6;vGat-Cre-tdTomato
1772123034_G06;24;0;12467;GABA_Npy_Qrfpr;Gaba6;vGat-Cre-tdTomato
1772099041_A02;27;0;7756;GABA_Npy_Qrfpr;Gaba6;C57bl6
1772122248_B05;17;0;8103;GABA_Npy_Qrfpr;Gaba6;vGat-Cre-tdTomato
1772123026_B03;18;0;9382;GABA_Npy_Qrfpr;Gaba6;vGat-Cre-tdTomato
1772122245_C08;17;0;10702;GABA_Npy_Qrfpr;Gaba6;vGat-Cre-tdTomato
1772122248_C12;17;0;11590;GABA_Npy_Qrfpr;Gaba6;vGat-Cre-tdTomato
1772099093_H11;20;0;23633;GABA_Npy_Qrfpr;Gaba6;C57bl6
1772099109_F01;19;0;14657;GABA_Npy_Qrfpr;Gaba6;C57bl6
1772099091_E10;20;0;9719;GABA_Npy_Qrfpr;Gaba6;C57bl6
1772117124_F05;27;0;10183;GABA_Npy_Qrfpr;Gaba6;C57bl6
1772122247_E08;17;0;10303;GABA_Npy_Qrfpr;Gaba6;vGat-Cre-tdTomato
1772099118_C07;21;0;10915;GABA_Npy_Qrfpr;Gaba6;C57bl6
1772117161_G01;20;0;10653;GABA_Npy_Qrfpr;Gaba6;C57bl6
1772099115_G02;20;0;12359;GABA_Npy_Qrfpr;Gaba6;C57bl6
1772117159_G05;20;0;18306;GABA_Npy_Qrfpr;Gaba6;C57bl6
1772099113_F09;20;0;13054;GABA_Npy_Qrfpr;Gaba6;C57bl6
1772123023_H08;18;0;8812;GABA_Npy_Qrfpr;Gaba6;vGat-Cre-tdTomato
1772123026_G02;18;0;12562;GABA_Npy_Qrfpr;Gaba6;vGat-Cre-tdTomato
1772123026_H03;18;0;7041;GABA_Npy_Qrfpr;Gaba6;vGat-Cre-tdTomato
1772117108_H01;22;0;10956;GABA_Npy_Qrfpr;Gaba6;C57bl6
1772123034_A03;24;0;7872;GABA_Npy_Qrfpr;Gaba6;vGat-Cre-tdTomato
1772123024_E01;18;0;11796;GABA_Npy_Qrfpr;Gaba6;vGat-Cre-tdTomato
1772099015_H07;20;0;8419;GABA_Npy_Qrfpr;Gaba6;C57bl6
1772123034_C02;24;0;8921;GABA_Npy_Qrfpr;Gaba6;vGat-Cre-tdTomato
1772123034_B03;24;0;9583;GABA_Npy_Qrfpr;Gaba6;vGat-Cre-tdTomato
1772123032_E02;24;0;5547;GABA_Npy_Qrfpr;Gaba6;vGat-Cre-tdTomato
1772123034_G01;24;0;7553;GABA_Npy_Qrfpr;Gaba6;vGat-Cre-tdTomato
1772099116_H08;20;0;3158;GABA_Npy_Qrfpr;Gaba6;C57bl6
1772123023_A02;18;0;3774;GABA_Npy_Qrfpr;Gaba6;vGat-Cre-tdTomato
1772072243_D06;19;0;14556;GABA_Npy_Crabp1;Gaba7;C57bl6
1772099303_A04;27;0;14133;GABA_Npy_Crabp1;Gaba7;C57bl6
1772123024_F06;18;0;16752;GABA_Npy_Crabp1;Gaba7;vGat-Cre-tdTomato
1772122168_E05;26;0;11570;GABA_Npy_Crabp1;Gaba7;vGlut2-eGFP
1772099302_E02;27;0;8338;GABA_Npy_Crabp1;Gaba7;C57bl6
1772117055_D04;28;0;11143;GABA_Npy_Crabp1;Gaba7;C57bl6
1772123023_G08;18;0;11492;GABA_Npy_Crabp1;Gaba7;vGat-Cre-tdTomato
1772117097_H06;26;0;6767;GABA_Npy_Crabp1;Gaba7;C57bl6
1772123023_C03;18;0;11182;GABA_Npy_Crabp1;Gaba7;vGat-Cre-tdTomato
1772123034_C06;24;0;10413;GABA_Npy_Crabp1;Gaba7;vGat-Cre-tdTomato
1772123034_G02;24;0;7419;GABA_Npy_Crabp1;Gaba7;vGat-Cre-tdTomato
1772122245_G03;17;0;15841;GABA_Npy_Crabp1;Gaba7;vGat-Cre-tdTomato
1772122248_A03;17;0;10699;GABA_Npy_Crabp1;Gaba7;vGat-Cre-tdTomato
1772123034_G05;24;0;7495;GABA_Npy_Crabp1;Gaba7;vGat-Cre-tdTomato
1772123024_H10;18;0;13988;GABA_Npy_Crabp1;Gaba7;vGat-Cre-tdTomato
1772123024_H09;18;0;16309;GABA_Npy_Crabp1;Gaba7;vGat-Cre-tdTomato
1772123032_A09;24;0;7234;GABA_Npy_Crabp1;Gaba7;vGat-Cre-tdTomato
1772123026_D06;18;0;14282;GABA_Npy_Crabp1;Gaba7;vGat-Cre-tdTomato
1772123034_F05;24;0;9309;GABA_Npy_Crabp1;Gaba7;vGat-Cre-tdTomato
1772122248_F06;17;0;5249;GABA_Npy_Crabp1;Gaba7;vGat-Cre-tdTomato
1772123034_C11;24;0;9313;GABA_Npy_Crabp1;Gaba7;vGat-Cre-tdTomato
1772122245_H02;17;0;11078;GABA_Npy_Crabp1;Gaba7;vGat-Cre-tdTomato
1772123023_D05;18;0;14899;GABA_Npy_Crabp1;Gaba7;vGat-Cre-tdTomato
1772122168_C07;26;0;11763;GABA_Npy_Crabp1;Gaba7;vGlut2-eGFP
1772122245_A12;17;0;9063;GABA_Npy_Crabp1;Gaba7;vGat-Cre-tdTomato
1772122245_F06;17;0;9089;GABA_Npy_Crabp1;Gaba7;vGat-Cre-tdTomato
1772123034_E10;24;0;7682;GABA_Npy_Crabp1;Gaba7;vGat-Cre-tdTomato
1772123032_H08;24;0;8646;GABA_Npy_Crabp1;Gaba7;vGat-Cre-tdTomato
1772123034_H08;24;0;8676;GABA_Npy_Crabp1;Gaba7;vGat-Cre-tdTomato
1772122247_H09;17;0;9409;GABA_Npy_Crabp1;Gaba7;vGat-Cre-tdTomato
1772099041_D03;27;0;3070;GABA_Npy_Crabp1;Gaba7;C57bl6
1772123023_B12;18;0;12944;GABA_Npy_Crabp1;Gaba7;vGat-Cre-tdTomato
1772123032_D04;24;0;7754;GABA_Npy_Crabp1;Gaba7;vGat-Cre-tdTomato
1772099039_A09;27;0;3744;GABA_Npy_Crabp1;Gaba7;C57bl6
1772123023_B11;18;0;10184;GABA_Npy_Crabp1;Gaba7;vGat-Cre-tdTomato
1772099114_E03;20;0;5878;GABA_Npy_Crabp1;Gaba7;C57bl6
1772123032_C12;24;0;8719;GABA_Npy_Crabp1;Gaba7;vGat-Cre-tdTomato
1772123026_C11;18;0;7437;GABA_Npy_Crabp1;Gaba7;vGat-Cre-tdTomato
1772123034_B06;24;0;7477;GABA_Npy_Crabp1;Gaba7;vGat-Cre-tdTomato
1772123024_B04;18;0;11638;GABA_Calb2_Krt17;Gaba8;vGat-Cre-tdTomato
1772123024_D01;18;0;13257;GABA_Calb2_Krt17;Gaba8;vGat-Cre-tdTomato
1772117156_E06;19;0;10394;GABA_Calb2_Krt17;Gaba8;C57bl6
1772117097_A07;26;0;14556;GABA_Calb2_Krt17;Gaba8;C57bl6
1772099302_C09;27;0;8036;GABA_Calb2_Krt17;Gaba8;C57bl6
1772117096_B04;26;0;11681;GABA_Calb2_Krt17;Gaba8;C57bl6
1772117123_A08;26;0;4994;GABA_Calb2_Krt17;Gaba8;C57bl6
1772123026_G09;18;0;6346;GABA_Calb2_Krt17;Gaba8;vGat-Cre-tdTomato
1772099117_B01;21;0;4426;GABA_Calb2_Krt17;Gaba8;C57bl6
1772099120_F04;21;0;3994;GABA_Calb2_Krt17;Gaba8;C57bl6
1772099112_B12;19;0;12374;GABA_Calb2_Krt17;Gaba8;C57bl6
1772099305_E05;27;0;9999;GABA_Calb2_Krt17;Gaba8;C57bl6
1772117137_G01;20;0;14886;GABA_Calb2_Krt17;Gaba8;C57bl6
1772099316_C10;22;1;5968;GABA_Calb2_Krt17;Gaba8;C57bl6
1772099315_E03;22;1;19054;GABA_Calb2_Krt17;Gaba8;C57bl6
1772123032_C04;24;0;8363;GABA_Calb2_Krt17;Gaba8;vGat-Cre-tdTomato
1772122245_C02;17;0;10666;GABA_Calb2_Krt17;Gaba8;vGat-Cre-tdTomato
1772122248_A10;17;0;8505;GABA_Calb2_Krt17;Gaba8;vGat-Cre-tdTomato
1772122245_E12;17;0;10058;GABA_Calb2_Krt17;Gaba8;vGat-Cre-tdTomato
1772123026_D02;18;0;10891;GABA_Calb2_Krt17;Gaba8;vGat-Cre-tdTomato
1772122245_F02;17;0;13575;GABA_Calb2_Krt17;Gaba8;vGat-Cre-tdTomato
1772122247_A12;17;0;18393;GABA_Calb2_Krt17;Gaba8;vGat-Cre-tdTomato
1772123034_C08;24;0;8876;GABA_Calb2_Krt17;Gaba8;vGat-Cre-tdTomato
1772123024_F01;18;0;10948;GABA_Calb2_Krt17;Gaba8;vGat-Cre-tdTomato
1772122248_B01;17;0;9228;GABA_Calb2_Krt17;Gaba8;vGat-Cre-tdTomato
1772122245_E10;17;0;11147;GABA_Calb2_Krt17;Gaba8;vGat-Cre-tdTomato
1772123023_D10;18;0;13618;GABA_Calb2_Krt17;Gaba8;vGat-Cre-tdTomato
1772123023_D06;18;0;14962;GABA_Calb2_Krt17;Gaba8;vGat-Cre-tdTomato
1772122247_H01;17;0;8071;GABA_Calb2_Krt17;Gaba8;vGat-Cre-tdTomato
1772123023_A07;18;0;12282;GABA_Calb2_Krt17;Gaba8;vGat-Cre-tdTomato
1772123026_A05;18;0;10855;GABA_Calb2_Krt17;Gaba8;vGat-Cre-tdTomato
1772122248_B03;17;0;9884;GABA_Calb2_Krt17;Gaba8;vGat-Cre-tdTomato
1772122247_D02;17;0;10630;GABA_Calb2_Krt17;Gaba8;vGat-Cre-tdTomato
1772122245_G01;17;0;9394;GABA_Calb2_Krt17;Gaba8;vGat-Cre-tdTomato
1772123023_G06;18;0;13889;GABA_Calb2_Krt17;Gaba8;vGat-Cre-tdTomato
1772123023_B02;18;0;11972;GABA_Calb2_Krt17;Gaba8;vGat-Cre-tdTomato
1772123026_G05;18;0;8783;GABA_Calb2_Krt17;Gaba8;vGat-Cre-tdTomato
1772123024_D09;18;0;13132;GABA_Calb2_Krt17;Gaba8;vGat-Cre-tdTomato
1772123024_H12;18;0;10927;GABA_Calb2_Krt17;Gaba8;vGat-Cre-tdTomato
1772123026_G06;18;0;11618;GABA_Calb2_Krt17;Gaba8;vGat-Cre-tdTomato
1772123023_D11;18;0;15065;GABA_Calb2_Krt17;Gaba8;vGat-Cre-tdTomato
1772122248_D04;17;0;11557;GABA_Calb2_Krt17;Gaba8;vGat-Cre-tdTomato
1772123023_B10;18;0;11655;GABA_Calb2_Krt17;Gaba8;vGat-Cre-tdTomato
1772123023_F09;18;0;14227;GABA_Calb2_Krt17;Gaba8;vGat-Cre-tdTomato
1772122245_H09;17;0;12393;GABA_Calb2_Krt17;Gaba8;vGat-Cre-tdTomato
1772122245_G06;17;0;8402;GABA_Calb2_Krt17;Gaba8;vGat-Cre-tdTomato
1772122248_A04;17;0;8808;GABA_Calb2_Krt17;Gaba8;vGat-Cre-tdTomato
1772123026_H12;18;0;13656;GABA_Calb2_Krt17;Gaba8;vGat-Cre-tdTomato
1772123024_C08;18;0;11214;GABA_Calb2_Krt17;Gaba8;vGat-Cre-tdTomato
1772123032_H10;24;0;13352;GABA_Calb2_Krt17;Gaba8;vGat-Cre-tdTomato
1772123032_F08;24;0;13009;GABA_Calb2_Krt17;Gaba8;vGat-Cre-tdTomato
1772123026_A01;18;0;9976;GABA_Calb2_Krt17;Gaba8;vGat-Cre-tdTomato
1772123024_C04;18;0;11774;GABA_Calb2_Krt17;Gaba8;vGat-Cre-tdTomato
1772123026_A04;18;0;13268;GABA_Calb2_Krt17;Gaba8;vGat-Cre-tdTomato
1772123024_A04;18;0;13360;GABA_Calb2_Krt17;Gaba8;vGat-Cre-tdTomato
1772123026_C08;18;0;7331;GABA_Calb2_Krt17;Gaba8;vGat-Cre-tdTomato
1772122248_D05;17;0;9682;GABA_Calb2_Krt17;Gaba8;vGat-Cre-tdTomato
1772123024_H08;18;0;14170;GABA_Calb2_Krt17;Gaba8;vGat-Cre-tdTomato
1772122248_F05;17;0;7882;GABA_Calb2_Krt17;Gaba8;vGat-Cre-tdTomato
1772122245_A02;17;0;9455;GABA_Calb2_Krt17;Gaba8;vGat-Cre-tdTomato
1772122248_E05;17;0;7547;GABA_Calb2_Krt17;Gaba8;vGat-Cre-tdTomato
1772123032_B06;24;0;7299;GABA_Calb2_Krt17;Gaba8;vGat-Cre-tdTomato
1772123034_B01;24;0;7349;GABA_Calb2_Krt17;Gaba8;vGat-Cre-tdTomato
1772123032_E10;24;0;7278;GABA_Calb2_Krt17;Gaba8;vGat-Cre-tdTomato
1772122245_C09;17;0;14486;GABA_Calb2_Krt17;Gaba8;vGat-Cre-tdTomato
1772123034_H06;24;0;7536;GABA_Calb2_Krt17;Gaba8;vGat-Cre-tdTomato
1772123032_F05;24;0;8216;GABA_Calb2_Krt17;Gaba8;vGat-Cre-tdTomato
1772123032_A03;24;0;6914;GABA_Calb2_Tac1;Gaba9;vGat-Cre-tdTomato
1772099109_D02;19;0;13189;GABA_Calb2_Tac1;Gaba9;C57bl6
1772123023_A11;18;0;9977;GABA_Calb2_Tac1;Gaba9;vGat-Cre-tdTomato
1772122245_C12;17;0;9110;GABA_Calb2_Tac1;Gaba9;vGat-Cre-tdTomato
1772122248_G05;17;0;9416;GABA_Calb2_Tac1;Gaba9;vGat-Cre-tdTomato
1772099152_F09;18;0;6983;GABA_Calb2_Tac1;Gaba9;C57bl6
1772117096_C01;26;0;3058;GABA_Calb2_Tac1;Gaba9;C57bl6
1772099119_H07;21;0;6444;GABA_Calb2_Tac1;Gaba9;C57bl6
1772122248_H03;17;0;12290;GABA_Calb2_Tac1;Gaba9;vGat-Cre-tdTomato
1772123026_B04;18;0;11120;GABA_Calb2_Tac1;Gaba9;vGat-Cre-tdTomato
1772122245_H08;17;0;10612;GABA_Calb2_Tac1;Gaba9;vGat-Cre-tdTomato
1772123032_G09;24;0;9335;GABA_Calb2_Tac1;Gaba9;vGat-Cre-tdTomato
1772117158_F02;19;0;13091;GABA_Calb2_Tac1;Gaba9;C57bl6
1772123032_C03;24;0;5750;GABA_Calb2_Tac1;Gaba9;vGat-Cre-tdTomato
1772099116_E12;20;0;8530;GABA_Calb2_Tac1;Gaba9;C57bl6
1772123034_B04;24;0;7722;GABA_Calb2_Tac1;Gaba9;vGat-Cre-tdTomato
1772099114_G01;20;0;9120;GABA_Calb2_Tac1;Gaba9;C57bl6
1772099092_C06;20;0;20057;GABA_Calb2_Tac1;Gaba9;C57bl6
1772123026_F08;18;0;7226;GABA_Calb2_Tac1;Gaba9;vGat-Cre-tdTomato
1772072243_F10;19;0;11584;GABA_Calb2_Tac1;Gaba9;C57bl6
1772117124_A07;27;0;10231;GABA_Calb2_Tac1;Gaba9;C57bl6
1772123024_E05;18;0;8059;GABA_Calb2_Tac1;Gaba9;vGat-Cre-tdTomato
1772123032_A04;24;0;7201;GABA_Calb2_Tac1;Gaba9;vGat-Cre-tdTomato
1772123034_D11;24;0;11846;GABA_Calb2_Tac1;Gaba9;vGat-Cre-tdTomato
1772123026_E11;18;0;9962;GABA_Calb2_Tac1;Gaba9;vGat-Cre-tdTomato
1772122245_C07;17;0;10473;GABA_Calb2_Tac1;Gaba9;vGat-Cre-tdTomato
1772123026_A12;18;0;9079;GABA_Calb2_Tac1;Gaba9;vGat-Cre-tdTomato
1772123032_H09;24;0;9881;GABA_Calb2_Tac1;Gaba9;vGat-Cre-tdTomato
1772122248_B12;17;0;7499;GABA_Calb2_Tac1;Gaba9;vGat-Cre-tdTomato
1772122247_E02;17;0;14145;GABA_Calb2_Tac1;Gaba9;vGat-Cre-tdTomato
1772122245_B11;17;0;9753;GABA_Calb2_Tac1;Gaba9;vGat-Cre-tdTomato
1772123034_C09;24;0;8699;GABA_Calb2_Tac1;Gaba9;vGat-Cre-tdTomato
1772123034_A08;24;0;7001;GABA_Calb2_Tac1;Gaba9;vGat-Cre-tdTomato
1772123034_A05;24;0;11879;GABA_Calb2_Tac1;Gaba9;vGat-Cre-tdTomato
1772123023_A08;18;0;15095;GABA_Calb2_Tac1;Gaba9;vGat-Cre-tdTomato
1772122245_B03;17;0;10114;GABA_Calb2_Tac1;Gaba9;vGat-Cre-tdTomato
1772122247_B05;17;0;15272;GABA_Calb2_Tac1;Gaba9;vGat-Cre-tdTomato
1772123032_D12;24;0;10693;GABA_Calb2_Tac1;Gaba9;vGat-Cre-tdTomato
1772123023_C05;18;0;13132;GABA_Calb2_Tac1;Gaba9;vGat-Cre-tdTomato
1772123032_E08;24;0;8433;GABA_Calb2_Tac1;Gaba9;vGat-Cre-tdTomato
1772117160_G07;20;0;13022;GABA_Calb2_Tac1;Gaba9;C57bl6
1772123024_F07;18;0;18208;GABA_Calb2_Tac1;Gaba9;vGat-Cre-tdTomato
1772123032_H02;24;0;6729;GABA_Calb2_Tac1;Gaba9;vGat-Cre-tdTomato
1772123026_B01;18;0;10250;GABA_Calb2_Tac1;Gaba9;vGat-Cre-tdTomato
1772072243_D11;19;0;15778;GABA_Calb2_Tac1;Gaba9;C57bl6
1772123024_B03;18;0;10770;GABA_Calb2_Tac1;Gaba9;vGat-Cre-tdTomato
1772099304_E05;27;0;9434;GABA_Calb2_Tac1;Gaba9;C57bl6
1772122248_E07;17;0;16485;GABA_Calb2_Tac1;Gaba9;vGat-Cre-tdTomato
1772117124_H04;27;0;25952;GABA_Calb2_Tac1;Gaba9;C57bl6
1772123023_E12;18;0;15720;GABA_Calb2_Tac1;Gaba9;vGat-Cre-tdTomato
1772122248_H11;17;0;12876;GABA_Calb2_Tac1;Gaba9;vGat-Cre-tdTomato
1772123026_E04;18;0;8204;GABA_Calb2_Tac1;Gaba9;vGat-Cre-tdTomato
1772099305_G07;27;0;12277;GABA_Calb2_Tac1;Gaba9;C57bl6
1772123032_H11;24;0;14401;GABA_Calb2_Tac1;Gaba9;vGat-Cre-tdTomato
1772123023_B06;18;0;13076;GABA_Calb2_Tac1;Gaba9;vGat-Cre-tdTomato
1772123026_C09;18;0;10393;GABA_Calb2_Tac1;Gaba9;vGat-Cre-tdTomato
1772099316_A07;22;1;23269;GABA_Calb2_Tac1;Gaba9;C57bl6
1772122248_E03;17;0;13068;GABA_Calb2_Tac1;Gaba9;vGat-Cre-tdTomato
1772123024_B07;18;0;20230;GABA_Calb2_Tac1;Gaba9;vGat-Cre-tdTomato
1772123024_B09;18;0;16115;GABA_Calb2_Tac1;Gaba9;vGat-Cre-tdTomato
1772123034_E07;24;0;10588;GABA_Calb2_Tac1;Gaba9;vGat-Cre-tdTomato
1772123026_E01;18;0;9504;GABA_Calb2_Tac1;Gaba9;vGat-Cre-tdTomato
1772122245_E08;17;0;11722;GABA_Calb2_Tac1;Gaba9;vGat-Cre-tdTomato
1772122245_D12;17;0;11195;GABA_Calb2_Tac1;Gaba9;vGat-Cre-tdTomato
1772123034_E06;24;0;11239;GABA_Calb2_Tac1;Gaba9;vGat-Cre-tdTomato
1772123026_B02;18;0;11023;GABA_Calb2_Tac1;Gaba9;vGat-Cre-tdTomato
1772122245_F01;17;0;8912;GABA_Calb2_Tac1;Gaba9;vGat-Cre-tdTomato
1772117055_E06;28;0;12315;GABA_Calb2_Tac1;Gaba9;C57bl6
1772123032_E05;24;0;11111;GABA_Calb2_Tac1;Gaba9;vGat-Cre-tdTomato
1772122245_B01;17;0;11732;GABA_Calb2_Tac1;Gaba9;vGat-Cre-tdTomato
1772122248_G12;17;0;5768;GABA_Calb2_Tac1;Gaba9;vGat-Cre-tdTomato
1772123034_G12;24;0;7200;GABA_Calb2_Tac1;Gaba9;vGat-Cre-tdTomato
1772123032_E11;24;0;12533;GABA_Calb2_Tac1;Gaba9;vGat-Cre-tdTomato
1772123023_G05;18;0;11952;GABA_Calb2_Tac1;Gaba9;vGat-Cre-tdTomato
1772122168_G07;26;0;9480;GABA_Calb2_Tac1;Gaba9;vGlut2-eGFP
1772122245_A04;17;0;12468;GABA_Calb2_Tac1;Gaba9;vGat-Cre-tdTomato
1772122247_H08;17;0;9589;GABA_Calb2_Tac1;Gaba9;vGat-Cre-tdTomato
1772123023_E02;18;0;17361;GABA_Calb2_Tac1;Gaba9;vGat-Cre-tdTomato
1772122247_F01;17;0;10924;GABA_Calb2_Tac1;Gaba9;vGat-Cre-tdTomato
1772123024_D04;18;0;8694;GABA_Calb2_Tac1;Gaba9;vGat-Cre-tdTomato
1772123034_C01;24;0;6074;GABA_Calb2_Tac1;Gaba9;vGat-Cre-tdTomato
1772123032_D06;24;0;11257;GABA_Calb2_Tac1;Gaba9;vGat-Cre-tdTomato
1772123023_D03;18;0;18876;GABA_Calb2_Tac1;Gaba9;vGat-Cre-tdTomato
1772123023_D01;18;0;14913;GABA_Calb2_Tac1;Gaba9;vGat-Cre-tdTomato
1772123026_F12;18;0;10264;GABA_Calb2_Tac1;Gaba9;vGat-Cre-tdTomato
1772099313_D10;22;1;3512;GABA_Cplx1_Adamts5;Gaba10;C57bl6
1772099301_D11;26;0;16068;GABA_Cplx1_Adamts5;Gaba10;C57bl6
1772117059_F07;27;0;8984;GABA_Cplx1_Adamts5;Gaba10;C57bl6
1772099315_F03;22;1;9525;GABA_Cplx1_Adamts5;Gaba10;C57bl6
1772123023_B01;18;0;11729;GABA_Cplx1_Adamts5;Gaba10;vGat-Cre-tdTomato
1772099298_E02;26;0;4315;GABA_Cplx1_Adamts5;Gaba10;C57bl6
1772117124_C12;27;0;5821;GABA_Cplx1_Adamts5;Gaba10;C57bl6
1772117159_C02;20;0;15150;GABA_Cplx1_Adamts5;Gaba10;C57bl6
1772122248_E04;17;0;11425;GABA_Cplx1_Adamts5;Gaba10;vGat-Cre-tdTomato
1772099305_E09;27;0;12740;GABA_Cplx1_Adamts5;Gaba10;C57bl6
1772099044_E04;28;0;8928;GABA_Cplx1_Adamts5;Gaba10;C57bl6
1772099304_F01;27;0;8219;GABA_Cplx1_Adamts5;Gaba10;C57bl6
1772123024_A12;18;0;13696;GABA_Cplx1_Adamts5;Gaba10;vGat-Cre-tdTomato
1772122245_F03;17;0;10450;GABA_Cplx1_Adamts5;Gaba10;vGat-Cre-tdTomato
1772122248_B10;17;0;9751;GABA_Cplx1_Adamts5;Gaba10;vGat-Cre-tdTomato
1772099113_H12;20;0;10856;GABA_Cplx1_Adamts5;Gaba10;C57bl6
1772099304_G08;27;0;5839;GABA_Cplx1_Adamts5;Gaba10;C57bl6
1772099298_C04;26;0;6899;GABA_Cplx1_Adamts5;Gaba10;C57bl6
1772123023_D12;18;0;19916;GABA_Cplx1_Adamts5;Gaba10;vGat-Cre-tdTomato
1772099114_B10;20;0;5534;GABA_Cplx1_Adamts5;Gaba10;C57bl6
1772099305_A08;27;0;3574;GABA_Cplx1_Adamts5;Gaba10;C57bl6
1772099155_D09;18;0;6296;GABA_Cplx1_Adamts5;Gaba10;C57bl6
1772099302_B08;27;0;7676;GABA_Cplx1_Adamts5;Gaba10;C57bl6
1772123023_C04;18;0;12392;GABA_Cplx1_Adamts5;Gaba10;vGat-Cre-tdTomato
1772122245_H07;17;0;8860;GABA_Cplx1_Adamts5;Gaba10;vGat-Cre-tdTomato
1772123034_H11;24;0;4739;GABA_Cplx1_Adamts5;Gaba10;vGat-Cre-tdTomato
1772123024_G03;18;0;9714;GABA_Cplx1_Adamts5;Gaba10;vGat-Cre-tdTomato
1772123034_B11;24;0;7857;GABA_Cplx1_Adamts5;Gaba10;vGat-Cre-tdTomato
1772123034_B12;24;0;7801;GABA_Cplx1_Adamts5;Gaba10;vGat-Cre-tdTomato
1772123026_C06;18;0;4456;GABA_Cplx1_Adamts5;Gaba10;vGat-Cre-tdTomato
1772122245_G04;17;0;13839;GABA_Cplx1_Adamts5;Gaba10;vGat-Cre-tdTomato
1772122248_F11;17;0;7200;GABA_Cplx1_Adamts5;Gaba10;vGat-Cre-tdTomato
1772123024_F11;18;0;9365;GABA_Cplx1_Adamts5;Gaba10;vGat-Cre-tdTomato
1772123023_H10;18;0;6724;GABA_Cplx1_Adamts5;Gaba10;vGat-Cre-tdTomato
1772123032_D08;24;0;7229;GABA_Cplx1_Adamts5;Gaba10;vGat-Cre-tdTomato
1772122245_F05;17;0;7203;GABA_Cplx1_Adamts5;Gaba10;vGat-Cre-tdTomato
1772123034_A02;24;0;6935;GABA_Cplx1_Adamts5;Gaba10;vGat-Cre-tdTomato
1772122245_G05;17;0;4448;GABA_Cplx1_Adamts5;Gaba10;vGat-Cre-tdTomato
1772123026_E10;18;0;5968;GABA_Cplx1_Adamts5;Gaba10;vGat-Cre-tdTomato
1772122248_A08;17;0;8031;GABA_Cplx1_Adamts5;Gaba10;vGat-Cre-tdTomato
1772123032_D07;24;0;9047;GABA_Cplx1_Adamts5;Gaba10;vGat-Cre-tdTomato
1772123034_D05;24;0;8166;GABA_Cplx1_Adamts5;Gaba10;vGat-Cre-tdTomato
1772099105_B05;18;0;7966;GABA_Cplx1_Adamts5;Gaba10;C57bl6
1772122248_E08;17;0;14803;GABA_Cplx1_Adamts5;Gaba10;vGat-Cre-tdTomato
1772123032_E06;24;0;6842;GABA_Cplx1_Adamts5;Gaba10;vGat-Cre-tdTomato
1772122248_B09;17;0;6114;GABA_Cplx1_Adamts5;Gaba10;vGat-Cre-tdTomato
1772122168_H09;26;0;12664;GABA_Cplx1_Adamts5;Gaba10;vGlut2-eGFP
1772123032_F01;24;0;3928;GABA_Cplx1_Adamts5;Gaba10;vGat-Cre-tdTomato
1772123034_F08;24;0;10810;GABA_Cplx1_Adamts5;Gaba10;vGat-Cre-tdTomato
1772123024_B02;18;0;14307;GABA_Cplx1_Adamts5;Gaba10;vGat-Cre-tdTomato
1772123034_G07;24;0;12227;GABA_Cplx1_Adamts5;Gaba10;vGat-Cre-tdTomato
1772123032_A12;24;0;7697;GABA_Cplx1_Adamts5;Gaba10;vGat-Cre-tdTomato
1772099039_B04;27;0;6372;GABA_Cplx1_Adamts5;Gaba10;C57bl6
1772123034_F12;24;0;10460;GABA_Cplx1_Adamts5;Gaba10;vGat-Cre-tdTomato
1772099041_D05;27;0;5159;GABA_Cplx1_Adamts5;Gaba10;C57bl6
1772123032_B11;24;0;4595;GABA_Cplx1_Adamts5;Gaba10;vGat-Cre-tdTomato
1772123032_H05;24;0;7325;GABA_Cplx1_Adamts5;Gaba10;vGat-Cre-tdTomato
1772122248_H12;17;0;7210;GABA_Cplx1_Adamts5;Gaba10;vGat-Cre-tdTomato
1772123032_F06;24;0;3793;GABA_Cplx1_Adamts5;Gaba10;vGat-Cre-tdTomato
1772099118_E11;21;0;7493;GABA_Cplx1_Adamts5;Gaba10;C57bl6
1772123026_F02;18;0;6143;GABA_Cplx1_Adamts5;Gaba10;vGat-Cre-tdTomato
1772122248_D09;17;0;8821;GABA_Cplx1_Adamts5;Gaba10;vGat-Cre-tdTomato
1772123034_A12;24;0;9286;GABA_Cplx1_Adamts5;Gaba10;vGat-Cre-tdTomato
1772123034_D12;24;0;10596;GABA_Cplx1_Adamts5;Gaba10;vGat-Cre-tdTomato
1772117097_C10;26;0;3482;GABA_Cplx1_Adamts5;Gaba10;C57bl6
1772122245_A11;17;0;6238;GABA_Cplx1_Adamts5;Gaba10;vGat-Cre-tdTomato
1772099110_F11;19;0;19492;GABA_Cplx1_Calb2;Gaba11;C57bl6
1772099092_B08;20;0;8510;GABA_Cplx1_Calb2;Gaba11;C57bl6
1772099110_A03;19;0;16383;GABA_Cplx1_Calb2;Gaba11;C57bl6
1772072243_D02;19;0;13227;GABA_Cplx1_Calb2;Gaba11;C57bl6
1772099316_H01;22;1;19898;GABA_Cplx1_Calb2;Gaba11;C57bl6
1772099302_G04;27;0;16954;GABA_Cplx1_Calb2;Gaba11;C57bl6
1772099314_D03;22;1;18609;GABA_Cplx1_Calb2;Gaba11;C57bl6
1772099120_E09;21;0;15202;GABA_Cplx1_Calb2;Gaba11;C57bl6
1772117059_G09;27;0;23474;GABA_Cplx1_Calb2;Gaba11;C57bl6
1772099093_D08;20;0;27746;GABA_Cplx1_Calb2;Gaba11;C57bl6
1772099093_C06;20;0;26095;GABA_Cplx1_Calb2;Gaba11;C57bl6
1772117124_F06;27;0;11757;GABA_Cplx1_Calb2;Gaba11;C57bl6
1772099116_E03;20;0;8350;GABA_Cplx1_Calb2;Gaba11;C57bl6
1772099298_F12;26;0;11711;GABA_Cplx1_Calb2;Gaba11;C57bl6
1772099305_H08;27;0;15365;GABA_Cplx1_Calb2;Gaba11;C57bl6
1772099090_E05;20;0;11257;GABA_Cplx1_Calb2;Gaba11;C57bl6
1772099113_B02;20;0;17043;GABA_Cplx1_Calb2;Gaba11;C57bl6
1772122245_D02;17;0;12638;GABA_Cplx1_Calb2;Gaba11;vGat-Cre-tdTomato
1772123023_F02;18;0;13975;GABA_Cplx1_Calb2;Gaba11;vGat-Cre-tdTomato
1772123023_H02;18;0;18748;GABA_Cplx1_Calb2;Gaba11;vGat-Cre-tdTomato
1772099116_C09;20;0;7764;GABA_Cplx1_Calb2;Gaba11;C57bl6
1772117096_A01;26;0;12803;GABA_Cplx1_Calb2;Gaba11;C57bl6
1772099301_B11;26;0;18678;GABA_Cplx1_Calb2;Gaba11;C57bl6
1772123032_G10;24;0;10344;GABA_Cplx1_Calb2;Gaba11;vGat-Cre-tdTomato
1772122247_C04;17;0;17749;GABA_Cplx1_Calb2;Gaba11;vGat-Cre-tdTomato
1772123034_G03;24;0;10034;GABA_Cplx1_Calb2;Gaba11;vGat-Cre-tdTomato
1772123034_C05;24;0;9638;GABA_Cplx1_Calb2;Gaba11;vGat-Cre-tdTomato
1772123024_F12;18;0;14064;GABA_Cplx1_Calb2;Gaba11;vGat-Cre-tdTomato
1772122247_E06;17;0;12407;GABA_Cplx1_Calb2;Gaba11;vGat-Cre-tdTomato
1772123034_E11;24;0;11347;GABA_Cplx1_Calb2;Gaba11;vGat-Cre-tdTomato
1772123026_C05;18;0;11232;GABA_Cplx1_Calb2;Gaba11;vGat-Cre-tdTomato
1772123032_E03;24;0;8028;GABA_Cplx1_Calb2;Gaba11;vGat-Cre-tdTomato
1772123026_E12;18;0;10099;GABA_Cplx1_Calb2;Gaba11;vGat-Cre-tdTomato
1772122248_B11;17;0;8952;GABA_Cplx1_Calb2;Gaba11;vGat-Cre-tdTomato
1772123024_G09;18;0;10405;GABA_Cplx1_Calb2;Gaba11;vGat-Cre-tdTomato
1772123026_A10;18;0;11247;GABA_Cplx1_Calb2;Gaba11;vGat-Cre-tdTomato
1772123026_F01;18;0;10055;GABA_Cplx1_Calb2;Gaba11;vGat-Cre-tdTomato
1772123032_D10;24;0;8617;GABA_Cplx1_Calb2;Gaba11;vGat-Cre-tdTomato
1772123023_A10;18;0;13014;GABA_Cplx1_Calb2;Gaba11;vGat-Cre-tdTomato
1772122245_A06;17;0;12624;GABA_Cplx1_Calb2;Gaba11;vGat-Cre-tdTomato
1772123034_F11;24;0;12664;GABA_Cplx1_Calb2;Gaba11;vGat-Cre-tdTomato
1772123032_G06;24;0;11483;GABA_Cplx1_Calb2;Gaba11;vGat-Cre-tdTomato
1772123023_F08;18;0;15576;GABA_Cplx1_Calb2;Gaba11;vGat-Cre-tdTomato
1772123034_D06;24;0;10616;GABA_Cplx1_Calb2;Gaba11;vGat-Cre-tdTomato
1772123034_B07;24;0;9622;GABA_Cplx1_Calb2;Gaba11;vGat-Cre-tdTomato
1772123032_H07;24;0;7076;GABA_Cplx1_Calb2;Gaba11;vGat-Cre-tdTomato
1772123032_E12;24;0;9923;GABA_Cplx1_Calb2;Gaba11;vGat-Cre-tdTomato
1772099115_C12;20;0;7568;GABA_Cplx1_Calb2;Gaba11;C57bl6
1772099304_B03;27;0;12786;GABA_Cplx1_Sorcs3;Gaba12;C57bl6
1772099114_B09;20;0;16255;GABA_Cplx1_Sorcs3;Gaba12;C57bl6
1772122248_G06;17;0;13829;GABA_Cplx1_Sorcs3;Gaba12;vGat-Cre-tdTomato
1772099113_H10;20;0;15456;GABA_Cplx1_Sorcs3;Gaba12;C57bl6
1772099154_A01;18;0;6560;GABA_Cplx1_Sorcs3;Gaba12;C57bl6
1772099116_B11;20;0;16525;GABA_Cplx1_Sorcs3;Gaba12;C57bl6
1772122247_H07;17;0;11177;GABA_Cplx1_Sorcs3;Gaba12;vGat-Cre-tdTomato
1772122248_A09;17;0;14855;GABA_Cplx1_Sorcs3;Gaba12;vGat-Cre-tdTomato
1772123024_E03;18;0;15581;GABA_Cplx1_Sorcs3;Gaba12;vGat-Cre-tdTomato
1772123034_A01;24;0;12989;GABA_Cplx1_Sorcs3;Gaba12;vGat-Cre-tdTomato
1772122248_D03;17;0;10079;GABA_Cplx1_Sorcs3;Gaba12;vGat-Cre-tdTomato
1772123023_A05;18;0;11877;GABA_Cplx1_Sorcs3;Gaba12;vGat-Cre-tdTomato
1772123024_C10;18;0;14456;GABA_Cplx1_Sorcs3;Gaba12;vGat-Cre-tdTomato
1772123026_G04;18;0;11218;GABA_Cplx1_Sorcs3;Gaba12;vGat-Cre-tdTomato
1772099304_H03;27;0;6052;GABA_Cplx1_Sorcs3;Gaba12;C57bl6
1772123024_G04;18;0;15920;GABA_Cplx1_Sorcs3;Gaba12;vGat-Cre-tdTomato
1772123032_G04;24;0;13326;GABA_Cplx1_Sorcs3;Gaba12;vGat-Cre-tdTomato
1772122247_D04;17;0;12036;GABA_Cplx1_Sorcs3;Gaba12;vGat-Cre-tdTomato
1772099313_G12;22;1;4866;GABA_Cplx1_Sorcs3;Gaba12;C57bl6
1772122247_D05;17;0;13947;GABA_Cplx1_Sorcs3;Gaba12;vGat-Cre-tdTomato
1772122245_F12;17;0;8990;GABA_Cplx1_Sorcs3;Gaba12;vGat-Cre-tdTomato
1772123032_A07;24;0;10707;GABA_Cplx1_Sorcs3;Gaba12;vGat-Cre-tdTomato
1772123032_A02;24;0;9472;GABA_Cplx1_Sorcs3;Gaba12;vGat-Cre-tdTomato
1772122245_E04;17;0;9284;GABA_Cplx1_Sorcs3;Gaba12;vGat-Cre-tdTomato
1772123032_G02;24;0;6862;GABA_Cplx1_Sorcs3;Gaba12;vGat-Cre-tdTomato
1772123034_F02;24;0;11682;GABA_Cplx1_Sorcs3;Gaba12;vGat-Cre-tdTomato
1772122245_F08;17;0;11163;GABA_Cplx1_Sorcs3;Gaba12;vGat-Cre-tdTomato
1772099302_C01;27;0;12997;GABA_Cplx1_Sorcs3;Gaba12;C57bl6
1772123023_F01;18;0;10347;GABA_Cplx1_Sorcs3;Gaba12;vGat-Cre-tdTomato
1772122248_H08;17;0;10614;GABA_Cplx1_Sorcs3;Gaba12;vGat-Cre-tdTomato
1772123024_C09;18;0;18292;GABA_Cplx1_Sorcs3;Gaba12;vGat-Cre-tdTomato
1772123023_C07;18;0;10934;GABA_Cplx1_Sorcs3;Gaba12;vGat-Cre-tdTomato
1772099118_H08;21;0;5181;GABA_Cplx1_Sorcs3;Gaba12;C57bl6
1772122245_G08;17;0;7471;GABA_Cplx1_Sorcs3;Gaba12;vGat-Cre-tdTomato
1772123026_D07;18;0;5552;GABA_Cplx1_Sorcs3;Gaba12;vGat-Cre-tdTomato
1772123032_H06;24;0;12957;GABA_Cplx1_Sorcs3;Gaba12;vGat-Cre-tdTomato
1772072242_A05;24;0;12330;GABA_Cplx1_Sorcs3;Gaba12;C57bl6
1772099116_B07;20;0;6052;GABA_Cplx1_Sorcs3;Gaba12;C57bl6
1772122245_H01;17;0;8874;GABA_Cplx1_Sorcs3;Gaba12;vGat-Cre-tdTomato
1772123026_E03;18;0;5125;GABA_Cplx1_Sorcs3;Gaba12;vGat-Cre-tdTomato
1772123023_F03;18;0;10467;GABA_Cplx1_Sorcs3;Gaba12;vGat-Cre-tdTomato
1772123023_E01;18;0;10440;GABA_Cplx1_Sorcs3;Gaba12;vGat-Cre-tdTomato
1772123023_E09;18;0;10282;GABA_Cplx1_Sorcs3;Gaba12;vGat-Cre-tdTomato
1772123023_F05;18;0;6945;GABA_Cplx1_Sorcs3;Gaba12;vGat-Cre-tdTomato
1772123026_C01;18;0;7137;GABA_Cplx1_Sorcs3;Gaba12;vGat-Cre-tdTomato
1772122248_G10;17;0;10999;GABA_Cplx1_Sorcs3;Gaba12;vGat-Cre-tdTomato
1772099044_F09;28;0;5857;GABA_Cplx1_Sorcs3;Gaba12;C57bl6
1772122245_B10;17;0;8078;GABA_Cplx1_Sorcs3;Gaba12;vGat-Cre-tdTomato
1772099115_H11;20;0;8095;GABA_Cplx1_Sorcs3;Gaba12;C57bl6
1772122245_B08;17;0;9332;GABA_Cplx1_Sorcs3;Gaba12;vGat-Cre-tdTomato
1772123023_C09;18;0;3707;GABA_Cplx1_Sorcs3;Gaba12;vGat-Cre-tdTomato
1772122247_C11;17;0;13104;GABA_Cplx1_Sorcs3;Gaba12;vGat-Cre-tdTomato
1772123026_H07;18;0;10642;GABA_Cplx1_Sorcs3;Gaba12;vGat-Cre-tdTomato
1772123034_F03;24;0;5400;GABA_Cplx1_Sorcs3;Gaba12;vGat-Cre-tdTomato
1772122247_E01;17;0;11791;GABA_Cplx1_Sorcs3;Gaba12;vGat-Cre-tdTomato
1772123023_C08;18;0;5888;GABA_Cplx1_Sorcs3;Gaba12;vGat-Cre-tdTomato
1772099313_H07;22;1;10090;GABA_Cplx1_Sst;Gaba13;C57bl6
1772099092_F11;20;0;30605;GABA_Cplx1_Sst;Gaba13;C57bl6
1772099305_A09;27;0;16743;GABA_Cplx1_Sst;Gaba13;C57bl6
1772123024_E10;18;0;20247;GABA_Cplx1_Sst;Gaba13;vGat-Cre-tdTomato
1772099313_B04;22;1;20874;GABA_Cplx1_Sst;Gaba13;C57bl6
1772117104_G04;22;0;25170;GABA_Cplx1_Sst;Gaba13;C57bl6
1772123026_H04;18;0;18573;GABA_Cplx1_Sst;Gaba13;vGat-Cre-tdTomato
1772072243_D08;19;0;18879;GABA_Cplx1_Sst;Gaba13;C57bl6
1772123023_D08;18;0;22498;GABA_Cplx1_Sst;Gaba13;vGat-Cre-tdTomato
1772099114_A02;20;0;20744;GABA_Cplx1_Sst;Gaba13;C57bl6
1772123023_C01;18;0;9401;GABA_Cplx1_Sst;Gaba13;vGat-Cre-tdTomato
1772123034_D09;24;0;12421;GABA_Cplx1_Sst;Gaba13;vGat-Cre-tdTomato
1772123023_C10;18;0;18529;GABA_Cplx1_Sst;Gaba13;vGat-Cre-tdTomato
1772122245_E06;17;0;12861;GABA_Cplx1_Sst;Gaba13;vGat-Cre-tdTomato
1772117159_H04;20;0;23183;GABA_Cplx1_Sst;Gaba13;C57bl6
1772072243_D10;19;0;11604;GABA_Cplx1_Sst;Gaba13;C57bl6
1772122248_F08;17;0;10474;GABA_Cplx1_Sst;Gaba13;vGat-Cre-tdTomato
1772123034_H07;24;0;14775;GABA_Cplx1_Sst;Gaba13;vGat-Cre-tdTomato
1772122248_G07;17;0;13926;GABA_Cplx1_Sst;Gaba13;vGat-Cre-tdTomato
1772123026_G10;18;0;17797;GABA_Cplx1_Sst;Gaba13;vGat-Cre-tdTomato
1772123032_C01;24;0;8695;GABA_Cplx1_Sst;Gaba13;vGat-Cre-tdTomato
1772122247_D11;17;0;18018;GABA_Cplx1_Sst;Gaba13;vGat-Cre-tdTomato
1772123024_D10;18;0;18925;GABA_Cplx1_Sst;Gaba13;vGat-Cre-tdTomato
1772123026_G01;18;0;8165;GABA_Cplx1_Sst;Gaba13;vGat-Cre-tdTomato
1772123023_D09;18;0;16950;GABA_Cplx1_Sst;Gaba13;vGat-Cre-tdTomato
1772123023_G09;18;0;9626;GABA_Cplx1_Sst;Gaba13;vGat-Cre-tdTomato
1772099093_C09;20;0;5632;GABA_Cplx1_Sst;Gaba13;C57bl6
1772122245_D05;17;0;11970;GABA_Cplx1_Sst;Gaba13;vGat-Cre-tdTomato
1772122245_D10;17;0;11661;GABA_Cplx1_Sst;Gaba13;vGat-Cre-tdTomato
1772122248_F02;17;0;9245;GABA_Cplx1_Sst;Gaba13;vGat-Cre-tdTomato
1772122248_D01;17;0;9580;GABA_Cplx1_Sst;Gaba13;vGat-Cre-tdTomato
1772123032_F03;24;0;14098;GABA_Cplx1_Sst;Gaba13;vGat-Cre-tdTomato
1772122245_D06;17;0;11229;GABA_Cplx1_Sst;Gaba13;vGat-Cre-tdTomato
1772123032_G01;24;0;12590;GABA_Cplx1_Sst;Gaba13;vGat-Cre-tdTomato
1772123023_G03;18;0;11461;GABA_Crabp1;Gaba14;vGat-Cre-tdTomato
1772117059_G03;27;0;6665;GABA_Crabp1;Gaba14;C57bl6
1772099114_G06;20;0;13107;GABA_Crabp1;Gaba14;C57bl6
1772122248_F07;17;0;8962;GABA_Crabp1;Gaba14;vGat-Cre-tdTomato
1772123034_G08;24;0;9139;GABA_Crabp1;Gaba14;vGat-Cre-tdTomato
1772123032_G07;24;0;9603;GABA_Crabp1;Gaba14;vGat-Cre-tdTomato
1772123034_E02;24;0;8091;GABA_Crabp1;Gaba14;vGat-Cre-tdTomato
1772123032_D05;24;0;8133;GABA_Crabp1;Gaba14;vGat-Cre-tdTomato
1772123034_F09;24;0;4470;GABA_Crabp1;Gaba14;vGat-Cre-tdTomato
1772123026_F03;18;0;6248;GABA_Crabp1;Gaba14;vGat-Cre-tdTomato
1772117123_B01;26;0;7514;GABA_Crabp1;Gaba14;C57bl6
1772099110_E01;19;0;9513;GABA_Crabp1;Gaba14;C57bl6
1772099114_F08;20;0;9149;GABA_Crabp1;Gaba14;C57bl6
1772099114_H02;20;0;24010;GABA_Crabp1;Gaba14;C57bl6
1772123023_E03;18;0;17586;GABA_Crabp1;Gaba14;vGat-Cre-tdTomato
1772099301_D09;26;0;21195;GABA_Crabp1;Gaba14;C57bl6
1772123024_F04;18;0;18383;GABA_Crabp1;Gaba14;vGat-Cre-tdTomato
1772099114_D11;20;0;11714;GABA_Crabp1;Gaba14;C57bl6
1772122248_H06;17;0;13645;GABA_Crabp1;Gaba14;vGat-Cre-tdTomato
1772122247_H02;17;0;15952;GABA_Crabp1;Gaba14;vGat-Cre-tdTomato
1772123024_A09;18;0;16652;GABA_Crabp1;Gaba14;vGat-Cre-tdTomato
1772122248_A01;17;0;14002;GABA_Crabp1;Gaba14;vGat-Cre-tdTomato
1772117151_F03;19;0;9047;GABA_Crabp1;Gaba14;C57bl6
1772117097_F10;26;0;8324;GABA_Crabp1;Gaba14;C57bl6
1772117160_G05;20;0;10836;GABA_Crabp1;Gaba14;C57bl6
1772123032_D02;24;0;12221;GABA_Crabp1;Gaba14;vGat-Cre-tdTomato
1772099115_D03;20;0;12090;GABA_Crabp1;Gaba14;C57bl6
1772123023_E05;18;0;18702;GABA_Crabp1;Gaba14;vGat-Cre-tdTomato
1772123023_B09;18;0;12733;GABA_Crabp1;Gaba14;vGat-Cre-tdTomato
1772117059_H07;27;0;13310;GABA_Crabp1;Gaba14;C57bl6
1772123034_C04;24;0;12140;GABA_Crabp1;Gaba14;vGat-Cre-tdTomato
1772123024_C03;18;0;12983;GABA_Crabp1;Gaba14;vGat-Cre-tdTomato
1772123023_H06;18;0;11686;GABA_Crabp1;Gaba14;vGat-Cre-tdTomato
1772122248_E01;17;0;10317;GABA_Crabp1;Gaba14;vGat-Cre-tdTomato
1772122248_F03;17;0;12110;GABA_Crabp1;Gaba14;vGat-Cre-tdTomato
1772099314_B08;22;1;24273;GABA_Crabp1;Gaba14;C57bl6
1772123032_H01;24;0;9382;GABA_Crabp1;Gaba14;vGat-Cre-tdTomato
1772122247_A05;17;0;9298;GABA_Crabp1;Gaba14;vGat-Cre-tdTomato
1772099014_G05;20;0;6596;GABA_Crabp1;Gaba14;C57bl6
1772122245_C11;17;0;7129;GABA_Crabp1;Gaba14;vGat-Cre-tdTomato
1772122245_B04;17;0;10016;GABA_Crabp1;Gaba14;vGat-Cre-tdTomato
1772099304_E08;27;0;13136;GABA_Crabp1_Spp1;Gaba15;C57bl6
1772122247_A04;17;0;17679;GABA_Crabp1_Spp1;Gaba15;vGat-Cre-tdTomato
1772117159_D12;20;0;17238;GABA_Crabp1_Spp1;Gaba15;C57bl6
1772123032_C05;24;0;12326;GABA_Crabp1_Spp1;Gaba15;vGat-Cre-tdTomato
1772122247_D12;17;0;14612;GABA_Crabp1_Spp1;Gaba15;vGat-Cre-tdTomato
1772122245_F07;17;0;11601;GABA_Crabp1_Spp1;Gaba15;vGat-Cre-tdTomato
1772123023_H07;18;0;12876;GABA_Crabp1_Spp1;Gaba15;vGat-Cre-tdTomato
1772072243_B07;19;0;14446;GABA_Crabp1_Spp1;Gaba15;C57bl6
1772117099_A01;21;0;5946;GABA_Crabp1_Spp1;Gaba15;C57bl6
1772099108_G08;18;0;5049;GABA_Crabp1_Spp1;Gaba15;C57bl6
1772099153_C05;18;0;9896;GABA_Crabp1_Spp1;Gaba15;C57bl6
